"","years","months","Site","ppt","tmean"
"1",1981,1,"Haynes",4.84000015258789,-2.79999995231628
"2",1981,2,"Haynes",27.5200004577637,-1.72500002384186
"3",1981,3,"Haynes",23.1800003051758,2.34000015258789
"4",1981,4,"Haynes",30.4500007629395,5.63499975204468
"5",1981,5,"Haynes",92.7900009155273,9.64999961853027
"6",1981,6,"Haynes",48.9099998474121,13.3850002288818
"7",1981,7,"Haynes",8.53999996185303,18.7849998474121
"8",1981,8,"Haynes",6.48999977111816,20
"9",1981,9,"Haynes",14.2799997329712,14.0249996185303
"10",1981,10,"Haynes",17.4200000762939,5.69999980926514
"11",1981,11,"Haynes",37.1199989318848,0.809999942779541
"12",1981,12,"Haynes",43.4599990844727,-4.42999982833862
"13",1982,1,"Haynes",28.7600002288818,-7.59500026702881
"14",1982,2,"Haynes",17.9699993133545,-6.84499979019165
"15",1982,3,"Haynes",41.5099983215332,0.850000143051147
"16",1982,4,"Haynes",38.6300010681152,1.9850001335144
"17",1982,5,"Haynes",47.2900009155273,8.36499977111816
"18",1982,6,"Haynes",40.8300018310547,13.5600004196167
"19",1982,7,"Haynes",35.1800003051758,17.7700004577637
"20",1982,8,"Haynes",21.7099990844727,19.2849998474121
"21",1982,9,"Haynes",49.1300010681152,12.8149995803833
"22",1982,10,"Haynes",31.9500007629395,5.67999982833862
"23",1982,11,"Haynes",8.9399995803833,-2.80999994277954
"24",1982,12,"Haynes",40.2900009155273,-5.76500034332275
"25",1983,1,"Haynes",10.5299997329712,-3.26999998092651
"26",1983,2,"Haynes",15.7700004577637,-1.45999991893768
"27",1983,3,"Haynes",28.5799999237061,2.02500009536743
"28",1983,4,"Haynes",14.7799997329712,3.37000036239624
"29",1983,5,"Haynes",19.0300006866455,8.84000015258789
"30",1983,6,"Haynes",54.5900001525879,13.5299997329712
"31",1983,7,"Haynes",57.3400001525879,17.1849994659424
"32",1983,8,"Haynes",52.8600006103516,19.7049999237061
"33",1983,9,"Haynes",24.75,12.5900001525879
"34",1983,10,"Haynes",26.0100002288818,7.15999984741211
"35",1983,11,"Haynes",45.0099983215332,-0.665000081062317
"36",1983,12,"Haynes",31.6100006103516,-11.8600006103516
"37",1984,1,"Haynes",17.4799995422363,-7.54500007629395
"38",1984,2,"Haynes",11.5500001907349,-5.16499996185303
"39",1984,3,"Haynes",30.75,-0.0949997901916504
"40",1984,4,"Haynes",46.0200004577637,3.67999982833862
"41",1984,5,"Haynes",52.5499992370605,8.65000057220459
"42",1984,6,"Haynes",82.9300003051758,12.5650005340576
"43",1984,7,"Haynes",34.5499992370605,18.8649997711182
"44",1984,8,"Haynes",31.7999992370605,18.8899993896484
"45",1984,9,"Haynes",22.0799999237061,11.4400005340576
"46",1984,10,"Haynes",21.9799995422363,4.57000017166138
"47",1984,11,"Haynes",29.2800006866455,-1.75
"48",1984,12,"Haynes",20.9799995422363,-9.80000019073486
"49",1985,1,"Haynes",14.5600004196167,-8.24499988555908
"50",1985,2,"Haynes",7.92000007629395,-9.44000053405762
"51",1985,3,"Haynes",22.5300006866455,-3.26999998092651
"52",1985,4,"Haynes",7.48999977111816,6.48000049591064
"53",1985,5,"Haynes",50.9900016784668,10.789999961853
"54",1985,6,"Haynes",10.8500003814697,14.9249992370605
"55",1985,7,"Haynes",23.3899993896484,21.0499992370605
"56",1985,8,"Haynes",24.3099994659424,16.3999996185303
"57",1985,9,"Haynes",58.9000015258789,10.2950000762939
"58",1985,10,"Haynes",12.0699996948242,5.14499998092651
"59",1985,11,"Haynes",28.2399997711182,-5.76000022888184
"60",1985,12,"Haynes",12.1400003433228,-9.17500019073486
"61",1986,1,"Haynes",20.9500007629395,-4.61500024795532
"62",1986,2,"Haynes",57.6500015258789,-1.36500000953674
"63",1986,3,"Haynes",16.9799995422363,4.19500017166138
"64",1986,4,"Haynes",32.5200004577637,5.6850004196167
"65",1986,5,"Haynes",37.5800018310547,9.89000034332275
"66",1986,6,"Haynes",29.4300003051758,16.9899997711182
"67",1986,7,"Haynes",32.8499984741211,16.9349994659424
"68",1986,8,"Haynes",41.8600006103516,19.6949996948242
"69",1986,9,"Haynes",53.9000015258789,9.80500030517578
"70",1986,10,"Haynes",13.25,7.1399998664856
"71",1986,11,"Haynes",29.0599994659424,-0.660000085830688
"72",1986,12,"Haynes",7.07999992370605,-5.13000011444092
"73",1987,1,"Haynes",14.9899997711182,-6.26999998092651
"74",1987,2,"Haynes",14.8800001144409,-1.52499997615814
"75",1987,3,"Haynes",21.4899997711182,1.41999983787537
"76",1987,4,"Haynes",8.22999954223633,9.14000034332275
"77",1987,5,"Haynes",67.5999984741211,11.9149990081787
"78",1987,6,"Haynes",29.6700000762939,15.2849998474121
"79",1987,7,"Haynes",65.370002746582,17.0049991607666
"80",1987,8,"Haynes",24.2800006866455,16.2749996185303
"81",1987,9,"Haynes",0.270000010728836,15.0499992370605
"82",1987,10,"Haynes",0.200000002980232,8.67000007629395
"83",1987,11,"Haynes",12.8400001525879,1.16499996185303
"84",1987,12,"Haynes",27.9099998474121,-5.14999961853027
"85",1988,1,"Haynes",20.6800003051758,-7.46000003814697
"86",1988,2,"Haynes",16.4400005340576,-2.18999981880188
"87",1988,3,"Haynes",18.2800006866455,0.565000057220459
"88",1988,4,"Haynes",44.0299987792969,6.66499996185303
"89",1988,5,"Haynes",48.6800003051758,10.1700000762939
"90",1988,6,"Haynes",24.3899993896484,17.2749996185303
"91",1988,7,"Haynes",1.35000002384186,20.3700008392334
"92",1988,8,"Haynes",11.3000001907349,18.1749992370605
"93",1988,9,"Haynes",6.07999992370605,12.5200004577637
"94",1988,10,"Haynes",5.76999998092651,10.3999996185303
"95",1988,11,"Haynes",50.2200012207031,-2.5
"96",1988,12,"Haynes",11.1999998092651,-7.32500028610229
"97",1989,1,"Haynes",28.2700004577637,-6.77999973297119
"98",1989,2,"Haynes",20.6800003051758,-8.60000038146973
"99",1989,3,"Haynes",34.4799995422363,0.110000133514404
"100",1989,4,"Haynes",8.77000045776367,6.07000017166138
"101",1989,5,"Haynes",38.6100006103516,8.82500076293945
"102",1989,6,"Haynes",21.7299995422363,14.2049999237061
"103",1989,7,"Haynes",19.1200008392334,20.1100006103516
"104",1989,8,"Haynes",38.2999992370605,16.9449996948242
"105",1989,9,"Haynes",16.5599994659424,12.6549997329712
"106",1989,10,"Haynes",26.7999992370605,6.14000034332275
"107",1989,11,"Haynes",11.8999996185303,0.0299999713897705
"108",1989,12,"Haynes",16.75,-5.10000038146973
"109",1990,1,"Haynes",31.1200008392334,-4.53999996185303
"110",1990,2,"Haynes",3.90000009536743,-5.00999975204468
"111",1990,3,"Haynes",18.8400001525879,0.579999923706055
"112",1990,4,"Haynes",33.0900001525879,7.38000011444092
"113",1990,5,"Haynes",47.9000015258789,7.84000015258789
"114",1990,6,"Haynes",34.4900016784668,12.9950008392334
"115",1990,7,"Haynes",27.9500007629395,18.6399993896484
"116",1990,8,"Haynes",53.0200004577637,18.0799999237061
"117",1990,9,"Haynes",8.52999973297119,16.060001373291
"118",1990,10,"Haynes",20.1399993896484,5.34500026702881
"119",1990,11,"Haynes",21.25,0.0199999809265137
"120",1990,12,"Haynes",23.0900001525879,-11.7200002670288
"121",1991,1,"Haynes",13.6000003814697,-7.95000028610229
"122",1991,2,"Haynes",7.23000001907349,0.130000114440918
"123",1991,3,"Haynes",34.2000007629395,0.0449998378753662
"124",1991,4,"Haynes",32.810001373291,3.89000010490417
"125",1991,5,"Haynes",52.5699996948242,7.71000003814697
"126",1991,6,"Haynes",60.0800018310547,12.6549997329712
"127",1991,7,"Haynes",6.96000003814697,18.8549995422363
"128",1991,8,"Haynes",15.5900001525879,20.25
"129",1991,9,"Haynes",21.9899997711182,14.2700004577637
"130",1991,10,"Haynes",26.8299999237061,5.95499992370605
"131",1991,11,"Haynes",65.1600036621094,-3.31500005722046
"132",1991,12,"Haynes",16.7199993133545,-5.76000022888184
"133",1992,1,"Haynes",6.07000017166138,-5.56500005722046
"134",1992,2,"Haynes",15.5799999237061,-0.755000114440918
"135",1992,3,"Haynes",9.22000026702881,4.11499977111816
"136",1992,4,"Haynes",18.6299991607666,6.96499967575073
"137",1992,5,"Haynes",14.3599996566772,11.789999961853
"138",1992,6,"Haynes",71.5599975585938,15.5600004196167
"139",1992,7,"Haynes",35.7799987792969,16.1650009155273
"140",1992,8,"Haynes",3.39000010490417,18.4599990844727
"141",1992,9,"Haynes",17.5599994659424,11.75
"142",1992,10,"Haynes",37.1199989318848,8.44499969482422
"143",1992,11,"Haynes",23.9099998474121,-3.57500004768372
"144",1992,12,"Haynes",35.7700004577637,-8.21000003814697
"145",1993,1,"Haynes",17.5499992370605,-9.76000022888184
"146",1993,2,"Haynes",13.9899997711182,-6.77499961853027
"147",1993,3,"Haynes",33.9300003051758,2.20499992370605
"148",1993,4,"Haynes",38.2900009155273,4.06999969482422
"149",1993,5,"Haynes",29.8799991607666,11.8649997711182
"150",1993,6,"Haynes",82.5,11.9400005340576
"151",1993,7,"Haynes",57.5999984741211,13.1849994659424
"152",1993,8,"Haynes",40.1699981689453,15.125
"153",1993,9,"Haynes",3.05999994277954,12.4049997329712
"154",1993,10,"Haynes",18.3999996185303,6.875
"155",1993,11,"Haynes",9.23999977111816,-3.96499967575073
"156",1993,12,"Haynes",13.3999996185303,-5.94000005722046
"157",1994,1,"Haynes",24.3999996185303,-3.85999989509583
"158",1994,2,"Haynes",33.1500015258789,-5.48000001907349
"159",1994,3,"Haynes",6.98999977111816,1.67999982833862
"160",1994,4,"Haynes",25.9899997711182,6.44499969482422
"161",1994,5,"Haynes",42.1199989318848,11.335000038147
"162",1994,6,"Haynes",23.1100006103516,14.2550001144409
"163",1994,7,"Haynes",19.4500007629395,18.5900001525879
"164",1994,8,"Haynes",8.60000038146973,19.3500003814697
"165",1994,9,"Haynes",2.73000001907349,14.9050006866455
"166",1994,10,"Haynes",27.7900009155273,5.3899998664856
"167",1994,11,"Haynes",34.6100006103516,-4.48999977111816
"168",1994,12,"Haynes",26.4400005340576,-5.51000022888184
"169",1995,1,"Haynes",28.5699996948242,-6.98000001907349
"170",1995,2,"Haynes",10.5299997329712,-0.634999990463257
"171",1995,3,"Haynes",41.6699981689453,-0.0600001811981201
"172",1995,4,"Haynes",41.4300003051758,3.91499996185303
"173",1995,5,"Haynes",77.0800018310547,8.23999977111816
"174",1995,6,"Haynes",70.6399993896484,12.3199996948242
"175",1995,7,"Haynes",44.0699996948242,17.6800003051758
"176",1995,8,"Haynes",10.6300001144409,17.6300010681152
"177",1995,9,"Haynes",24.7099990844727,13.789999961853
"178",1995,10,"Haynes",23.0400009155273,4.16999959945679
"179",1995,11,"Haynes",41.8300018310547,0.370000004768372
"180",1995,12,"Haynes",35.8300018310547,-4.65500020980835
"181",1996,1,"Haynes",39.7000007629395,-6.34999990463257
"182",1996,2,"Haynes",24.1700000762939,-5.02500009536743
"183",1996,3,"Haynes",38.7599983215332,-0.105000019073486
"184",1996,4,"Haynes",32.2799987792969,5.0149998664856
"185",1996,5,"Haynes",47.439998626709,7.42000007629395
"186",1996,6,"Haynes",17.2399997711182,14.4799995422363
"187",1996,7,"Haynes",5.73999977111816,19.3850002288818
"188",1996,8,"Haynes",7.17999982833862,18.4799995422363
"189",1996,9,"Haynes",5.8899998664856,11.6849994659424
"190",1996,10,"Haynes",23.0100002288818,6.13499975204468
"191",1996,11,"Haynes",33.5299987792969,-0.184999942779541
"192",1996,12,"Haynes",46.9500007629395,-5.30999994277954
"193",1997,1,"Haynes",49.8199996948242,-6.6850004196167
"194",1997,2,"Haynes",21.6800003051758,-3.96500015258789
"195",1997,3,"Haynes",17.6900005340576,0.819999933242798
"196",1997,4,"Haynes",37.3499984741211,2.83500003814697
"197",1997,5,"Haynes",23.1000003814697,10.6999998092651
"198",1997,6,"Haynes",66,14.2749996185303
"199",1997,7,"Haynes",30.4599990844727,17.2199993133545
"200",1997,8,"Haynes",28.6900005340576,17.8199996948242
"201",1997,9,"Haynes",34.3699989318848,13.6199998855591
"202",1997,10,"Haynes",50.2599983215332,5.65500020980835
"203",1997,11,"Haynes",18.0400009155273,-0.440000057220459
"204",1997,12,"Haynes",13.6300001144409,-7.00500011444092
"205",1998,1,"Haynes",44.8199996948242,-4.21500015258789
"206",1998,2,"Haynes",17.1399993896484,-3.28000020980835
"207",1998,3,"Haynes",11.3199996948242,0.289999961853027
"208",1998,4,"Haynes",40.4700012207031,5.13500022888184
"209",1998,5,"Haynes",56.2099990844727,10.1800003051758
"210",1998,6,"Haynes",62.1300010681152,11.0450000762939
"211",1998,7,"Haynes",37.8600006103516,20.6350002288818
"212",1998,8,"Haynes",11.2799997329712,19.4599990844727
"213",1998,9,"Haynes",29.7299995422363,15.8150005340576
"214",1998,10,"Haynes",11.0600004196167,6.09999990463257
"215",1998,11,"Haynes",32.2599983215332,0.879999995231628
"216",1998,12,"Haynes",36.7599983215332,-6.90499973297119
"217",1999,1,"Haynes",31.1499996185303,-3.53999996185303
"218",1999,2,"Haynes",25.9099998474121,-3.81500005722046
"219",1999,3,"Haynes",20.6800003051758,0.695000171661377
"220",1999,4,"Haynes",15.9799995422363,3.38500022888184
"221",1999,5,"Haynes",35.5499992370605,8.38500022888184
"222",1999,6,"Haynes",35.7200012207031,12.7800006866455
"223",1999,7,"Haynes",0,18.2449989318848
"224",1999,8,"Haynes",20.9799995422363,18.9850006103516
"225",1999,9,"Haynes",7.53000020980835,12.3500003814697
"226",1999,10,"Haynes",7,8.40499973297119
"227",1999,11,"Haynes",16.8199996948242,2.91000008583069
"228",1999,12,"Haynes",22.8500003814697,-4.11999988555908
"229",2000,1,"Haynes",41.7900009155273,-5.7350001335144
"230",2000,2,"Haynes",21.5400009155273,-1.29000008106232
"231",2000,3,"Haynes",16.2700004577637,1.26999998092651
"232",2000,4,"Haynes",15.2399997711182,7.14000034332275
"233",2000,5,"Haynes",29.9400005340576,9.88000011444092
"234",2000,6,"Haynes",9.59000015258789,14.5600004196167
"235",2000,7,"Haynes",7.15000009536743,19.3250007629395
"236",2000,8,"Haynes",7.96000003814697,19.2649993896484
"237",2000,9,"Haynes",25.1499996185303,11.8999996185303
"238",2000,10,"Haynes",57.0200004577637,6.54499959945679
"239",2000,11,"Haynes",29.1000003814697,-4.93499994277954
"240",2000,12,"Haynes",13.3400001525879,-5.86999988555908
"241",2001,1,"Haynes",13.5,-6.16499996185303
"242",2001,2,"Haynes",14.6300001144409,-4.79999971389771
"243",2001,3,"Haynes",20.7199993133545,1.80499994754791
"244",2001,4,"Haynes",46.25,4.41499996185303
"245",2001,5,"Haynes",12.6999998092651,11.0600004196167
"246",2001,6,"Haynes",36.5699996948242,14.1350002288818
"247",2001,7,"Haynes",28.5,19.1500015258789
"248",2001,8,"Haynes",3.53999996185303,20.0249996185303
"249",2001,9,"Haynes",33.7000007629395,15.6800003051758
"250",2001,10,"Haynes",22.1800003051758,6.85500001907349
"251",2001,11,"Haynes",16.2199993133545,2.21000003814697
"252",2001,12,"Haynes",22.3799991607666,-7.08500003814697
"253",2002,1,"Haynes",21.5,-5.83500003814697
"254",2002,2,"Haynes",11.0200004577637,-4.40000009536743
"255",2002,3,"Haynes",20.3299999237061,-1.23000001907349
"256",2002,4,"Haynes",30.9799995422363,4.79499959945679
"257",2002,5,"Haynes",31.5599994659424,9.01000022888184
"258",2002,6,"Haynes",43.3300018310547,14.585000038147
"259",2002,7,"Haynes",14.3500003814697,20.5300006866455
"260",2002,8,"Haynes",22.1800003051758,16.5550003051758
"261",2002,9,"Haynes",14.5,13.7649993896484
"262",2002,10,"Haynes",6.05999994277954,4.69000005722046
"263",2002,11,"Haynes",21.3400001525879,-1.14999997615814
"264",2002,12,"Haynes",14.3699998855591,-3.30999994277954
"265",2003,1,"Haynes",35.9799995422363,-2.4300000667572
"266",2003,2,"Haynes",39.1500015258789,-4.21499967575073
"267",2003,3,"Haynes",26.8999996185303,1.51000010967255
"268",2003,4,"Haynes",46.1599998474121,5.15999984741211
"269",2003,5,"Haynes",18.3999996185303,9.85000038146973
"270",2003,6,"Haynes",10.5100002288818,14.8400001525879
"271",2003,7,"Haynes",10.0699996948242,21.4750003814697
"272",2003,8,"Haynes",22.1200008392334,20.7600002288818
"273",2003,9,"Haynes",9.13000011444092,14.1199998855591
"274",2003,10,"Haynes",7.76000022888184,9.51499938964844
"275",2003,11,"Haynes",15.8299999237061,-3.38000011444092
"276",2003,12,"Haynes",29.0599994659424,-3.81500005722046
"277",2004,1,"Haynes",19.4500007629395,-5.86500024795532
"278",2004,2,"Haynes",17.8799991607666,-3.68499994277954
"279",2004,3,"Haynes",5.19999980926514,4.28999996185303
"280",2004,4,"Haynes",17.9500007629395,6.87999963760376
"281",2004,5,"Haynes",62.7599983215332,9.36999988555908
"282",2004,6,"Haynes",35.3899993896484,14.1350002288818
"283",2004,7,"Haynes",33.1800003051758,18.8500003814697
"284",2004,8,"Haynes",21.4300003051758,17.560001373291
"285",2004,9,"Haynes",32.1399993896484,12.1350002288818
"286",2004,10,"Haynes",33.9900016784668,7.125
"287",2004,11,"Haynes",3.46000003814697,-0.269999980926514
"288",2004,12,"Haynes",20.1499996185303,-3.22000002861023
"289",2005,1,"Haynes",10.1800003051758,-4.23999977111816
"290",2005,2,"Haynes",3.20000004768372,-2.25
"291",2005,3,"Haynes",16.0699996948242,1.97499990463257
"292",2005,4,"Haynes",19.4899997711182,5.64000034332275
"293",2005,5,"Haynes",58.0999984741211,9.60999965667725
"294",2005,6,"Haynes",64.2799987792969,12.1450004577637
"295",2005,7,"Haynes",4.15999984741211,19.5249996185303
"296",2005,8,"Haynes",14.5699996948242,18.6849994659424
"297",2005,9,"Haynes",21.3299999237061,12.8949995040894
"298",2005,10,"Haynes",17.4500007629395,8.10000038146973
"299",2005,11,"Haynes",47.6599998474121,-1.74000012874603
"300",2005,12,"Haynes",25.75,-6.63000011444092
"301",2006,1,"Haynes",37.9099998474121,-3.51999998092651
"302",2006,2,"Haynes",10.1000003814697,-5.21000003814697
"303",2006,3,"Haynes",22.9699993133545,-0.140000104904175
"304",2006,4,"Haynes",49.5999984741211,6.25
"305",2006,5,"Haynes",20.1599998474121,11.0349998474121
"306",2006,6,"Haynes",39.9700012207031,15.6999998092651
"307",2006,7,"Haynes",9.02999973297119,21.75
"308",2006,8,"Haynes",8.82999992370605,18.2099990844727
"309",2006,9,"Haynes",28.3999996185303,12.8100004196167
"310",2006,10,"Haynes",42.3899993896484,6.28999996185303
"311",2006,11,"Haynes",24.2299995422363,0.00500011444091797
"312",2006,12,"Haynes",18.9200000762939,-4.67999982833862
"313",2007,1,"Haynes",10.6899995803833,-7.46000003814697
"314",2007,2,"Haynes",30.0699996948242,-1.6399998664856
"315",2007,3,"Haynes",15.289999961853,3.44499969482422
"316",2007,4,"Haynes",20.9799995422363,6.30499982833862
"317",2007,5,"Haynes",27.6700000762939,10.5500001907349
"318",2007,6,"Haynes",37.310001373291,15.414999961853
"319",2007,7,"Haynes",13.6899995803833,22.2649993896484
"320",2007,8,"Haynes",7.75,18.7000007629395
"321",2007,9,"Haynes",34.3300018310547,12.5599994659424
"322",2007,10,"Haynes",32.9199981689453,5.96999979019165
"323",2007,11,"Haynes",20.6000003814697,0.0199999809265137
"324",2007,12,"Haynes",29.7099990844727,-6.32000017166138
"325",2008,1,"Haynes",25.2800006866455,-8.11999988555908
"326",2008,2,"Haynes",12.9099998474121,-2.39499998092651
"327",2008,3,"Haynes",18.8799991607666,-1.08999991416931
"328",2008,4,"Haynes",12.0699996948242,2.11500024795532
"329",2008,5,"Haynes",36.6699981689453,9.00500011444092
"330",2008,6,"Haynes",17.4899997711182,13.3000001907349
"331",2008,7,"Haynes",11.039999961853,19.2700004577637
"332",2008,8,"Haynes",9.10000038146973,18.439998626709
"333",2008,9,"Haynes",22.7900009155273,12.914999961853
"334",2008,10,"Haynes",13.4499998092651,6.43000030517578
"335",2008,11,"Haynes",24.3799991607666,2.15999984741211
"336",2008,12,"Haynes",26.2900009155273,-6.38000011444092
"337",2009,1,"Haynes",24.4300003051758,-4.50999975204468
"338",2009,2,"Haynes",8.65999984741211,-2.04999995231628
"339",2009,3,"Haynes",48.5499992370605,-0.960000038146973
"340",2009,4,"Haynes",32.189998626709,4.65000009536743
"341",2009,5,"Haynes",27.6599998474121,9.92499923706055
"342",2009,6,"Haynes",70.6500015258789,13.2600002288818
"343",2009,7,"Haynes",18.2299995422363,18.2900009155273
"344",2009,8,"Haynes",45.5699996948242,17.8449993133545
"345",2009,9,"Haynes",16.5799999237061,16.1049995422363
"346",2009,10,"Haynes",29.6599998474121,3.30000019073486
"347",2009,11,"Haynes",11.1000003814697,-0.204999923706055
"348",2009,12,"Haynes",5.32999992370605,-8.10499954223633
"349",2010,1,"Haynes",26.0200004577637,-3.38499999046326
"350",2010,2,"Haynes",9.01000022888184,-2.8899998664856
"351",2010,3,"Haynes",13.5100002288818,2.20499992370605
"352",2010,4,"Haynes",22.3299999237061,4.71500015258789
"353",2010,5,"Haynes",64.0599975585938,6.53000020980835
"354",2010,6,"Haynes",77.6800003051758,12.6099996566772
"355",2010,7,"Haynes",11.1700000762939,17.6149997711182
"356",2010,8,"Haynes",28.2000007629395,17.0550003051758
"357",2010,9,"Haynes",32.7999992370605,13.6499996185303
"358",2010,10,"Haynes",32.1699981689453,8.93000030517578
"359",2010,11,"Haynes",29.8400001525879,-1.4099999666214
"360",2010,12,"Haynes",38.0200004577637,-4.97499990463257
"361",2011,1,"Haynes",14.5799999237061,-6.17499971389771
"362",2011,2,"Haynes",7.19999980926514,-5.35500001907349
"363",2011,3,"Haynes",30.2299995422363,0.255000114440918
"364",2011,4,"Haynes",36.8300018310547,2.48499989509583
"365",2011,5,"Haynes",58,7.90000009536743
"366",2011,6,"Haynes",40.6500015258789,12.3049993515015
"367",2011,7,"Haynes",23.0900001525879,18.875
"368",2011,8,"Haynes",8.52999973297119,19.1550006866455
"369",2011,9,"Haynes",8.73999977111816,15.5149993896484
"370",2011,10,"Haynes",38.8899993896484,7.70500040054321
"371",2011,11,"Haynes",17.3400001525879,-1.55499994754791
"372",2011,12,"Haynes",20.6700000762939,-4.9850001335144
"373",2012,1,"Haynes",13.9899997711182,-3.87499976158142
"374",2012,2,"Haynes",13.0299997329712,-2.96000003814697
"375",2012,3,"Haynes",46.689998626709,2.69500017166138
"376",2012,4,"Haynes",13.3100004196167,7.05999994277954
"377",2012,5,"Haynes",25.3199996948242,9.17999935150146
"378",2012,6,"Haynes",12.8199996948242,14.4200000762939
"379",2012,7,"Haynes",25.2600002288818,20.7700004577637
"380",2012,8,"Haynes",6.65000009536743,19.6949996948242
"381",2012,9,"Haynes",7.3600001335144,15.0149993896484
"382",2012,10,"Haynes",27.4400005340576,6.33500003814697
"383",2012,11,"Haynes",26.5599994659424,1.42999994754791
"384",2012,12,"Haynes",35.9099998474121,-4.59000015258789
"385",2013,1,"Haynes",14.8500003814697,-6.75500011444092
"386",2013,2,"Haynes",6.86999988555908,-3.19999980926514
"387",2013,3,"Haynes",8.09000015258789,0.625
"388",2013,4,"Haynes",8.02000045776367,4.50500011444092
"389",2013,5,"Haynes",35.2400016784668,10.5900001525879
"390",2013,6,"Haynes",32.3400001525879,14.8299999237061
"391",2013,7,"Haynes",18.8600006103516,20.9650001525879
"392",2013,8,"Haynes",16.3400001525879,19.7950000762939
"393",2013,9,"Haynes",46.3499984741211,14.4700002670288
"394",2013,10,"Haynes",27.2700004577637,5.30000019073486
"395",2013,11,"Haynes",15.1899995803833,0.115000009536743
"396",2013,12,"Haynes",14.1099996566772,-7.19999980926514
"397",2014,1,"Haynes",13.8299999237061,-2.59999990463257
"398",2014,2,"Haynes",40.0099983215332,-4.88499975204468
"399",2014,3,"Haynes",16.3600006103516,1.24000000953674
"400",2014,4,"Haynes",27.0900001525879,5.07500028610229
"401",2014,5,"Haynes",19.6399993896484,10.5649995803833
"402",2014,6,"Haynes",33.3699989318848,13.5150003433228
"403",2014,7,"Haynes",4.84000015258789,20.3649997711182
"404",2014,8,"Haynes",61.1599998474121,17.6800003051758
"405",2014,9,"Haynes",21.1299991607666,14.25
"406",2014,10,"Haynes",27.9200000762939,8.9399995803833
"407",2014,11,"Haynes",29.4300003051758,-1.55499994754791
"408",2014,12,"Haynes",31.2999992370605,-3.6100001335144
"409",2015,1,"Haynes",13.5900001525879,-2.4850001335144
"410",2015,2,"Haynes",14.8599996566772,0.0450000762939453
"411",2015,3,"Haynes",9.46000003814697,4.15499973297119
"412",2015,4,"Haynes",25.1800003051758,5.59999990463257
"413",2015,5,"Haynes",65.8199996948242,10.3790006637573
"414",2015,6,"Haynes",24.6000003814697,17.5350017547607
"415",1981,1,"McDevitt",6.25,-3.22000002861023
"416",1981,2,"McDevitt",32.0400009155273,-2.45000004768372
"417",1981,3,"McDevitt",23.9500007629395,1.4449999332428
"418",1981,4,"McDevitt",33.3400001525879,4.72499990463257
"419",1981,5,"McDevitt",94.2600021362305,8.68000030517578
"420",1981,6,"McDevitt",41.7799987792969,12.5799999237061
"421",1981,7,"McDevitt",4.34000015258789,18.0050010681152
"422",1981,8,"McDevitt",5.96999979019165,19.2350006103516
"423",1981,9,"McDevitt",13.6899995803833,13.4300003051758
"424",1981,10,"McDevitt",18.9200000762939,5.01999998092651
"425",1981,11,"McDevitt",39.560001373291,0.0499999523162842
"426",1981,12,"McDevitt",45.5200004577637,-4.68499994277954
"427",1982,1,"McDevitt",31.6399993896484,-8.07999992370605
"428",1982,2,"McDevitt",21.5200004577637,-7.2649998664856
"429",1982,3,"McDevitt",44.560001373291,-0.110000133514404
"430",1982,4,"McDevitt",44.6300010681152,1.0699999332428
"431",1982,5,"McDevitt",48.8800010681152,7.54500007629395
"432",1982,6,"McDevitt",39.7700004577637,12.539999961853
"433",1982,7,"McDevitt",26.9599990844727,16.9249992370605
"434",1982,8,"McDevitt",20.8600006103516,18.6599998474121
"435",1982,9,"McDevitt",50.4700012207031,12.1000003814697
"436",1982,10,"McDevitt",33.9799995422363,5.09499979019165
"437",1982,11,"McDevitt",12.3100004196167,-3.57500028610229
"438",1982,12,"McDevitt",40.5499992370605,-5.93000030517578
"439",1983,1,"McDevitt",13.460000038147,-3.60499978065491
"440",1983,2,"McDevitt",18.3899993896484,-2.25
"441",1983,3,"McDevitt",32.0099983215332,1.06499981880188
"442",1983,4,"McDevitt",17.8700008392334,2.38499999046326
"443",1983,5,"McDevitt",20.3500003814697,7.94000005722046
"444",1983,6,"McDevitt",48.1500015258789,12.6450004577637
"445",1983,7,"McDevitt",57.2599983215332,16.4000015258789
"446",1983,8,"McDevitt",54.2599983215332,18.9700012207031
"447",1983,9,"McDevitt",23.5400009155273,12.125
"448",1983,10,"McDevitt",27.1200008392334,6.80999994277954
"449",1983,11,"McDevitt",54.189998626709,-1.76500010490417
"450",1983,12,"McDevitt",36.5299987792969,-11.6650009155273
"451",1984,1,"McDevitt",21.5699996948242,-7.58500003814697
"452",1984,2,"McDevitt",14.2200002670288,-5.24000024795532
"453",1984,3,"McDevitt",35.0699996948242,-1.0699999332428
"454",1984,4,"McDevitt",52.1199989318848,2.47000002861023
"455",1984,5,"McDevitt",54.1500015258789,7.66499996185303
"456",1984,6,"McDevitt",78.5899963378906,11.4700002670288
"457",1984,7,"McDevitt",37.4700012207031,18.0349998474121
"458",1984,8,"McDevitt",29.9200000762939,18.0900001525879
"459",1984,9,"McDevitt",22.3799991607666,10.7349996566772
"460",1984,10,"McDevitt",24.7700004577637,3.53000020980835
"461",1984,11,"McDevitt",31.4699993133545,-3.21500015258789
"462",1984,12,"McDevitt",25.9400005340576,-9.80999946594238
"463",1985,1,"McDevitt",16.1800003051758,-7.72000026702881
"464",1985,2,"McDevitt",11.7700004577637,-9.29500007629395
"465",1985,3,"McDevitt",26.1700000762939,-3.71000003814697
"466",1985,4,"McDevitt",9.19999980926514,5.75
"467",1985,5,"McDevitt",50.9199981689453,9.96000003814697
"468",1985,6,"McDevitt",7.34999990463257,14.3699998855591
"469",1985,7,"McDevitt",18.0599994659424,20.3050003051758
"470",1985,8,"McDevitt",17.3799991607666,15.9200000762939
"471",1985,9,"McDevitt",58.1800003051758,9.6850004196167
"472",1985,10,"McDevitt",14.5600004196167,4.71000003814697
"473",1985,11,"McDevitt",33.6399993896484,-6.3899998664856
"474",1985,12,"McDevitt",13.3299999237061,-9.36999988555908
"475",1986,1,"McDevitt",23.3500003814697,-4.41499996185303
"476",1986,2,"McDevitt",61.8699989318848,-1.32999992370605
"477",1986,3,"McDevitt",20.2700004577637,3.375
"478",1986,4,"McDevitt",36.7999992370605,4.77499961853027
"479",1986,5,"McDevitt",40.7700004577637,8.91499996185303
"480",1986,6,"McDevitt",28.2299995422363,16.3450012207031
"481",1986,7,"McDevitt",27.0900001525879,16.2749996185303
"482",1986,8,"McDevitt",41.1500015258789,19.1650009155273
"483",1986,9,"McDevitt",52.310001373291,9.13000011444092
"484",1986,10,"McDevitt",14.8500003814697,6.82000017166138
"485",1986,11,"McDevitt",30.5,-1.10500001907349
"486",1986,12,"McDevitt",7.73000001907349,-4.93499994277954
"487",1987,1,"McDevitt",15.3100004196167,-6.58500003814697
"488",1987,2,"McDevitt",20.1599998474121,-2.28999996185303
"489",1987,3,"McDevitt",23.9899997711182,0.615000009536743
"490",1987,4,"McDevitt",9.35000038146973,8.38000011444092
"491",1987,5,"McDevitt",71,10.9749994277954
"492",1987,6,"McDevitt",30.9300003051758,14.3850002288818
"493",1987,7,"McDevitt",52.8199996948242,16.2299995422363
"494",1987,8,"McDevitt",17.3700008392334,15.6449995040894
"495",1987,9,"McDevitt",0,14.7349996566772
"496",1987,10,"McDevitt",0.649999976158142,8.75999927520752
"497",1987,11,"McDevitt",16.2900009155273,0.529999971389771
"498",1987,12,"McDevitt",32.5099983215332,-5.81500005722046
"499",1988,1,"McDevitt",23.3600006103516,-7.96999979019165
"500",1988,2,"McDevitt",18.3600006103516,-3.09999990463257
"501",1988,3,"McDevitt",23,-1.00499987602234
"502",1988,4,"McDevitt",45.6500015258789,5.67999982833862
"503",1988,5,"McDevitt",49.0400009155273,9.32999992370605
"504",1988,6,"McDevitt",23.2800006866455,16.4349994659424
"505",1988,7,"McDevitt",0.0700000002980232,19.7350006103516
"506",1988,8,"McDevitt",10.2299995422363,18.0250015258789
"507",1988,9,"McDevitt",5.15000009536743,11.914999961853
"508",1988,10,"McDevitt",6.15999984741211,10.1749992370605
"509",1988,11,"McDevitt",56.7900009155273,-3.67499995231628
"510",1988,12,"McDevitt",14.2700004577637,-7.44499969482422
"511",1989,1,"McDevitt",30.9300003051758,-7.73499965667725
"512",1989,2,"McDevitt",20.1399993896484,-8.51000022888184
"513",1989,3,"McDevitt",36.3600006103516,-1.03500008583069
"514",1989,4,"McDevitt",11.5200004577637,5.41499996185303
"515",1989,5,"McDevitt",38.2799987792969,8.02000045776367
"516",1989,6,"McDevitt",21.3299999237061,13.375
"517",1989,7,"McDevitt",16.1000003814697,19.4599990844727
"518",1989,8,"McDevitt",32.4000015258789,15.960000038147
"519",1989,9,"McDevitt",16.8799991607666,12.1300001144409
"520",1989,10,"McDevitt",30.6299991607666,5.59999990463257
"521",1989,11,"McDevitt",14.5900001525879,-0.929999947547913
"522",1989,12,"McDevitt",22.8400001525879,-5.03499984741211
"523",1990,1,"McDevitt",31.6800003051758,-5.48000001907349
"524",1990,2,"McDevitt",8.5600004196167,-6.12999963760376
"525",1990,3,"McDevitt",22.8199996948242,-0.414999961853027
"526",1990,4,"McDevitt",37.4199981689453,6.79499959945679
"527",1990,5,"McDevitt",49.5400009155273,6.92499971389771
"528",1990,6,"McDevitt",31.3899993896484,12.2250003814697
"529",1990,7,"McDevitt",25.0900001525879,17.875
"530",1990,8,"McDevitt",45.6599998474121,17.4549999237061
"531",1990,9,"McDevitt",8.52000045776367,15.3500003814697
"532",1990,10,"McDevitt",21.0200004577637,4.91000032424927
"533",1990,11,"McDevitt",24.1399993896484,-0.789999961853027
"534",1990,12,"McDevitt",29.9200000762939,-11.7650003433228
"535",1991,1,"McDevitt",16.8799991607666,-8.10000038146973
"536",1991,2,"McDevitt",7.05999994277954,-0.0799999237060547
"537",1991,3,"McDevitt",38.2900009155273,-0.945000052452087
"538",1991,4,"McDevitt",38.5900001525879,2.98000001907349
"539",1991,5,"McDevitt",55.2799987792969,6.7649998664856
"540",1991,6,"McDevitt",61.3300018310547,11.6949996948242
"541",1991,7,"McDevitt",4.23000001907349,18.2250003814697
"542",1991,8,"McDevitt",14.9899997711182,19.8050003051758
"543",1991,9,"McDevitt",24.7999992370605,13.7950000762939
"544",1991,10,"McDevitt",29.2099990844727,5.67500019073486
"545",1991,11,"McDevitt",69.5999984741211,-4.32499980926514
"546",1991,12,"McDevitt",20.3299999237061,-5.80999994277954
"547",1992,1,"McDevitt",8.10000038146973,-5.72500038146973
"548",1992,2,"McDevitt",18.1200008392334,-0.979999899864197
"549",1992,3,"McDevitt",11.2299995422363,3.2350001335144
"550",1992,4,"McDevitt",21.7700004577637,6.35500001907349
"551",1992,5,"McDevitt",13.5600004196167,11.2849998474121
"552",1992,6,"McDevitt",70.1800003051758,14.8100004196167
"553",1992,7,"McDevitt",31.1399993896484,15.4700002670288
"554",1992,8,"McDevitt",1.85000002384186,18.2099990844727
"555",1992,9,"McDevitt",17.9400005340576,11.1700000762939
"556",1992,10,"McDevitt",38.0999984741211,8.14500045776367
"557",1992,11,"McDevitt",28.3400001525879,-4.26999998092651
"558",1992,12,"McDevitt",36.1500015258789,-8.30999946594238
"559",1993,1,"McDevitt",16.8899993896484,-9.71000003814697
"560",1993,2,"McDevitt",14.1499996185303,-6.69499969482422
"561",1993,3,"McDevitt",37.4700012207031,1.61500000953674
"562",1993,4,"McDevitt",43.5900001525879,2.91999983787537
"563",1993,5,"McDevitt",30.4200000762939,11.0799999237061
"564",1993,6,"McDevitt",86.1699981689453,10.9949998855591
"565",1993,7,"McDevitt",54.7900009155273,12.2299995422363
"566",1993,8,"McDevitt",35.9500007629395,14.4749994277954
"567",1993,9,"McDevitt",3.21000003814697,11.9300003051758
"568",1993,10,"McDevitt",18.0900001525879,6.50500011444092
"569",1993,11,"McDevitt",11.6099996566772,-4.3600001335144
"570",1993,12,"McDevitt",15.3900003433228,-6.38000011444092
"571",1994,1,"McDevitt",28.8299999237061,-4.25500011444092
"572",1994,2,"McDevitt",36.8499984741211,-5.78999996185303
"573",1994,3,"McDevitt",9.55000019073486,1.0699999332428
"574",1994,4,"McDevitt",29.0900001525879,5.6899995803833
"575",1994,5,"McDevitt",40.9900016784668,10.5700006484985
"576",1994,6,"McDevitt",21.3199996948242,13.6300001144409
"577",1994,7,"McDevitt",14.8999996185303,17.8050003051758
"578",1994,8,"McDevitt",6.44000005722046,18.8649997711182
"579",1994,9,"McDevitt",2.5,14.3000001907349
"580",1994,10,"McDevitt",28.7800006866455,4.91000032424927
"581",1994,11,"McDevitt",41.0900001525879,-5.53000020980835
"582",1994,12,"McDevitt",27.6399993896484,-5.80999994277954
"583",1995,1,"McDevitt",31.2299995422363,-6.99499988555908
"584",1995,2,"McDevitt",12.3900003433228,-0.829999923706055
"585",1995,3,"McDevitt",45.4799995422363,-1.08999991416931
"586",1995,4,"McDevitt",47.4199981689453,3.01999974250793
"587",1995,5,"McDevitt",79.3899993896484,7.40000009536743
"588",1995,6,"McDevitt",72.8600006103516,11.5249996185303
"589",1995,7,"McDevitt",40.1199989318848,17.0400009155273
"590",1995,8,"McDevitt",10.9300003051758,17.2299995422363
"591",1995,9,"McDevitt",21.9200000762939,13.4099998474121
"592",1995,10,"McDevitt",25.6700000762939,3.67999982833862
"593",1995,11,"McDevitt",43.7900009155273,-0.239999890327454
"594",1995,12,"McDevitt",36.3899993896484,-4.92500019073486
"595",1996,1,"McDevitt",42.8300018310547,-6.79500007629395
"596",1996,2,"McDevitt",31.8500003814697,-4.86500024795532
"597",1996,3,"McDevitt",40.060001373291,-0.775000095367432
"598",1996,4,"McDevitt",35.4099998474121,4.14499998092651
"599",1996,5,"McDevitt",44.7700004577637,6.55500030517578
"600",1996,6,"McDevitt",17.9400005340576,13.8199996948242
"601",1996,7,"McDevitt",3.04999995231628,18.8250007629395
"602",1996,8,"McDevitt",5.48999977111816,18.1350002288818
"603",1996,9,"McDevitt",6.82999992370605,11.0999994277954
"604",1996,10,"McDevitt",25.2399997711182,5.77999973297119
"605",1996,11,"McDevitt",33.5499992370605,-0.919999957084656
"606",1996,12,"McDevitt",56.6399993896484,-5.53999996185303
"607",1997,1,"McDevitt",48,-7.06500005722046
"608",1997,2,"McDevitt",25.7999992370605,-4.53999996185303
"609",1997,3,"McDevitt",22.2600002288818,-0.109999895095825
"610",1997,4,"McDevitt",42.2599983215332,1.99999976158142
"611",1997,5,"McDevitt",22.6700000762939,10.125
"612",1997,6,"McDevitt",66.5199966430664,13.5049991607666
"613",1997,7,"McDevitt",26.7399997711182,16.7450008392334
"614",1997,8,"McDevitt",18.4699993133545,17.3050003051758
"615",1997,9,"McDevitt",33.9199981689453,13.0100002288818
"616",1997,10,"McDevitt",50.9700012207031,5.07000017166138
"617",1997,11,"McDevitt",20.2700004577637,-1.11500000953674
"618",1997,12,"McDevitt",16.2800006866455,-7.09999990463257
"619",1998,1,"McDevitt",49.7099990844727,-4.6100001335144
"620",1998,2,"McDevitt",17.2800006866455,-3.68999981880188
"621",1998,3,"McDevitt",16.0300006866455,-0.625
"622",1998,4,"McDevitt",43.7700004577637,4.23000001907349
"623",1998,5,"McDevitt",67,9.21000003814697
"624",1998,6,"McDevitt",59.8800010681152,10.0749998092651
"625",1998,7,"McDevitt",32.3800010681152,20.1499996185303
"626",1998,8,"McDevitt",8.57999992370605,19.1200008392334
"627",1998,9,"McDevitt",28.7000007629395,15.4099998474121
"628",1998,10,"McDevitt",12.3599996566772,5.67000007629395
"629",1998,11,"McDevitt",39.9500007629395,-0.0250000953674316
"630",1998,12,"McDevitt",39.9500007629395,-7.1399998664856
"631",1999,1,"McDevitt",33.7900009155273,-3.99500012397766
"632",1999,2,"McDevitt",34.4099998474121,-4.42500019073486
"633",1999,3,"McDevitt",21.3600006103516,-0.115000009536743
"634",1999,4,"McDevitt",23.5200004577637,2.39999961853027
"635",1999,5,"McDevitt",41.9300003051758,7.625
"636",1999,6,"McDevitt",32.8300018310547,11.960000038147
"637",1999,7,"McDevitt",0,17.9650001525879
"638",1999,8,"McDevitt",17.4899997711182,18.5900001525879
"639",1999,9,"McDevitt",7.80000019073486,12.0400009155273
"640",1999,10,"McDevitt",7.59999990463257,8.13999938964844
"641",1999,11,"McDevitt",21.0200004577637,2.36500000953674
"642",1999,12,"McDevitt",28.2600002288818,-4.11999988555908
"643",2000,1,"McDevitt",40.5800018310547,-6.55499982833862
"644",2000,2,"McDevitt",24.8400001525879,-1.71999990940094
"645",2000,3,"McDevitt",21.2399997711182,0.400000095367432
"646",2000,4,"McDevitt",17.2199993133545,6.375
"647",2000,5,"McDevitt",29.0900001525879,9.10999965667725
"648",2000,6,"McDevitt",7.67000007629395,14.0699996948242
"649",2000,7,"McDevitt",5.94000005722046,18.7950000762939
"650",2000,8,"McDevitt",6.01000022888184,19
"651",2000,9,"McDevitt",23.2800006866455,11.6399993896484
"652",2000,10,"McDevitt",58.4000015258789,6.07999992370605
"653",2000,11,"McDevitt",28.9500007629395,-5.40499973297119
"654",2000,12,"McDevitt",14.1899995803833,-6.0149998664856
"655",2001,1,"McDevitt",12.0200004577637,-6.27500009536743
"656",2001,2,"McDevitt",17.7900009155273,-5.10500001907349
"657",2001,3,"McDevitt",22.1200008392334,1.1399998664856
"658",2001,4,"McDevitt",51.0999984741211,3.74000024795532
"659",2001,5,"McDevitt",10.9899997711182,10.6199998855591
"660",2001,6,"McDevitt",32.1599998474121,13.664999961853
"661",2001,7,"McDevitt",24.7600002288818,18.8150005340576
"662",2001,8,"McDevitt",2.91000008583069,19.7600002288818
"663",2001,9,"McDevitt",34.3499984741211,15.5599994659424
"664",2001,10,"McDevitt",24.25,6.58500003814697
"665",2001,11,"McDevitt",19.0799999237061,1.54000008106232
"666",2001,12,"McDevitt",23.2900009155273,-7.09999990463257
"667",2002,1,"McDevitt",22.9400005340576,-6.25
"668",2002,2,"McDevitt",12.8999996185303,-4.71499967575073
"669",2002,3,"McDevitt",18.8400001525879,-2.09500026702881
"670",2002,4,"McDevitt",30.1800003051758,4.2350001335144
"671",2002,5,"McDevitt",34.439998626709,8.41499996185303
"672",2002,6,"McDevitt",38.5499992370605,14.0900001525879
"673",2002,7,"McDevitt",12.3800001144409,20.0499992370605
"674",2002,8,"McDevitt",20.6000003814697,16.3199996948242
"675",2002,9,"McDevitt",14.1499996185303,13.6100006103516
"676",2002,10,"McDevitt",7.09999990463257,4.5
"677",2002,11,"McDevitt",23.2600002288818,-1.5550000667572
"678",2002,12,"McDevitt",17.7099990844727,-3.57499980926514
"679",2003,1,"McDevitt",41.2999992370605,-2.67499995231628
"680",2003,2,"McDevitt",44.9500007629395,-4.625
"681",2003,3,"McDevitt",28.0599994659424,0.504999876022339
"682",2003,4,"McDevitt",52.7299995422363,4.45000028610229
"683",2003,5,"McDevitt",21.8400001525879,9.3100004196167
"684",2003,6,"McDevitt",8.77000045776367,14.4250001907349
"685",2003,7,"McDevitt",7.86999988555908,21.0149993896484
"686",2003,8,"McDevitt",19.2000007629395,20.625
"687",2003,9,"McDevitt",10.8000001907349,13.9699993133545
"688",2003,10,"McDevitt",8.5600004196167,9.51000022888184
"689",2003,11,"McDevitt",18.7000007629395,-3.7350001335144
"690",2003,12,"McDevitt",32.7299995422363,-3.83500003814697
"691",2004,1,"McDevitt",22.9799995422363,-5.75499963760376
"692",2004,2,"McDevitt",19.7900009155273,-3.64499998092651
"693",2004,3,"McDevitt",6.59999990463257,3.88499999046326
"694",2004,4,"McDevitt",19.5900001525879,6.32999992370605
"695",2004,5,"McDevitt",64.4199981689453,8.90500068664551
"696",2004,6,"McDevitt",34.5900001525879,13.8400001525879
"697",2004,7,"McDevitt",30.8199996948242,18.6499996185303
"698",2004,8,"McDevitt",15.0900001525879,17.3800010681152
"699",2004,9,"McDevitt",26.7299995422363,11.9000005722046
"700",2004,10,"McDevitt",37.6300010681152,7.02500009536743
"701",2004,11,"McDevitt",5.32000017166138,-0.605000138282776
"702",2004,12,"McDevitt",23.3999996185303,-3.19000005722046
"703",2005,1,"McDevitt",11.7700004577637,-4.05000019073486
"704",2005,2,"McDevitt",3.89000010490417,-2.22000002861023
"705",2005,3,"McDevitt",18.6200008392334,1.41499996185303
"706",2005,4,"McDevitt",23.3600006103516,5.09999990463257
"707",2005,5,"McDevitt",58.9799995422363,9.19499969482422
"708",2005,6,"McDevitt",61.5999984741211,11.664999961853
"709",2005,7,"McDevitt",2.03999996185303,19.2150001525879
"710",2005,8,"McDevitt",13.9099998474121,18.5200004577637
"711",2005,9,"McDevitt",20.9099998474121,12.6100006103516
"712",2005,10,"McDevitt",18.1800003051758,7.86499977111816
"713",2005,11,"McDevitt",53.3800010681152,-1.91999983787537
"714",2005,12,"McDevitt",29.75,-6.24499988555908
"715",2006,1,"McDevitt",41.5,-4.09499979019165
"716",2006,2,"McDevitt",13.6899995803833,-5.33500003814697
"717",2006,3,"McDevitt",30.3199996948242,-1.14499998092651
"718",2006,4,"McDevitt",53.4599990844727,5.53999996185303
"719",2006,5,"McDevitt",21.0699996948242,10.4549999237061
"720",2006,6,"McDevitt",36.9000015258789,15.0450000762939
"721",2006,7,"McDevitt",4.13000011444092,21.4700012207031
"722",2006,8,"McDevitt",6.6399998664856,17.875
"723",2006,9,"McDevitt",28.9699993133545,12.4449996948242
"724",2006,10,"McDevitt",45.7799987792969,6
"725",2006,11,"McDevitt",28.25,-0.549999952316284
"726",2006,12,"McDevitt",22.9099998474121,-4.47500038146973
"727",2007,1,"McDevitt",13.6800003051758,-7.0149998664856
"728",2007,2,"McDevitt",37.2299995422363,-1.91000008583069
"729",2007,3,"McDevitt",17.3400001525879,2.83500003814697
"730",2007,4,"McDevitt",24.6900005340576,5.60500001907349
"731",2007,5,"McDevitt",28.8099994659424,9.96500015258789
"732",2007,6,"McDevitt",37.3199996948242,14.8799991607666
"733",2007,7,"McDevitt",12.1800003051758,21.6100006103516
"734",2007,8,"McDevitt",6.90999984741211,18.3850002288818
"735",2007,9,"McDevitt",33.5800018310547,12.0500001907349
"736",2007,10,"McDevitt",35.7900009155273,5.61999988555908
"737",2007,11,"McDevitt",22.1900005340576,0.225000143051147
"738",2007,12,"McDevitt",34.5800018310547,-6.30999994277954
"739",2008,1,"McDevitt",28.2099990844727,-8.03999996185303
"740",2008,2,"McDevitt",17.5400009155273,-2.66000008583069
"741",2008,3,"McDevitt",22.6100006103516,-1.64999985694885
"742",2008,4,"McDevitt",15.5900001525879,1.27500009536743
"743",2008,5,"McDevitt",39.1199989318848,8.34000015258789
"744",2008,6,"McDevitt",14.8999996185303,12.75
"745",2008,7,"McDevitt",8.93000030517578,18.7799987792969
"746",2008,8,"McDevitt",9.1899995803833,17.9899997711182
"747",2008,9,"McDevitt",22.3099994659424,12.6749992370605
"748",2008,10,"McDevitt",16.2000007629395,6.21000003814697
"749",2008,11,"McDevitt",28.7399997711182,1.87500011920929
"750",2008,12,"McDevitt",30.6700000762939,-6.25499963760376
"751",2009,1,"McDevitt",26.4599990844727,-3.98499989509583
"752",2009,2,"McDevitt",9.5600004196167,-2.25
"753",2009,3,"McDevitt",52.3699989318848,-1.45500004291534
"754",2009,4,"McDevitt",39.4300003051758,3.92000007629395
"755",2009,5,"McDevitt",28.8799991607666,9.30500030517578
"756",2009,6,"McDevitt",71.9700012207031,12.5
"757",2009,7,"McDevitt",14.6099996566772,17.6800003051758
"758",2009,8,"McDevitt",43.1399993896484,17.3800010681152
"759",2009,9,"McDevitt",17.3500003814697,15.7300004959106
"760",2009,10,"McDevitt",34.0999984741211,2.94000005722046
"761",2009,11,"McDevitt",13.0699996948242,-0.220000028610229
"762",2009,12,"McDevitt",7.03999996185303,-7.84000015258789
"763",2010,1,"McDevitt",27.7199993133545,-3.28500008583069
"764",2010,2,"McDevitt",8.25,-3.04499983787537
"765",2010,3,"McDevitt",14.7299995422363,1.41499996185303
"766",2010,4,"McDevitt",29.0100002288818,3.97500014305115
"767",2010,5,"McDevitt",68.7399978637695,5.63499975204468
"768",2010,6,"McDevitt",68.9000015258789,11.8649997711182
"769",2010,7,"McDevitt",6.05999994277954,17.0750007629395
"770",2010,8,"McDevitt",25,16.4200000762939
"771",2010,9,"McDevitt",32.2999992370605,13.1849994659424
"772",2010,10,"McDevitt",32.810001373291,8.69999980926514
"773",2010,11,"McDevitt",35.0400009155273,-1.66499996185303
"774",2010,12,"McDevitt",44.6300010681152,-4.78999996185303
"775",2011,1,"McDevitt",17.9699993133545,-5.92999982833862
"776",2011,2,"McDevitt",9.09000015258789,-5.32999992370605
"777",2011,3,"McDevitt",35.6500015258789,-0.484999895095825
"778",2011,4,"McDevitt",45.689998626709,1.66000008583069
"779",2011,5,"McDevitt",58.9700012207031,7.05000019073486
"780",2011,6,"McDevitt",39.9199981689453,11.5950002670288
"781",2011,7,"McDevitt",22.2199993133545,18.5149993896484
"782",2011,8,"McDevitt",12.460000038147,18.6450004577637
"783",2011,9,"McDevitt",8.07999992370605,15.1599998474121
"784",2011,10,"McDevitt",42.5299987792969,7.33999967575073
"785",2011,11,"McDevitt",19.5900001525879,-1.85000002384186
"786",2011,12,"McDevitt",24.7399997711182,-4.72499990463257
"787",2012,1,"McDevitt",18.1100006103516,-3.82999992370605
"788",2012,2,"McDevitt",19.2000007629395,-3.17999982833862
"789",2012,3,"McDevitt",50.4599990844727,2.00499987602234
"790",2012,4,"McDevitt",18.8199996948242,6.3149995803833
"791",2012,5,"McDevitt",23.8700008392334,8.47000026702881
"792",2012,6,"McDevitt",11.4200000762939,13.7350006103516
"793",2012,7,"McDevitt",23.0100002288818,20.3950004577637
"794",2012,8,"McDevitt",5.19000005722046,19.3850002288818
"795",2012,9,"McDevitt",8.02000045776367,14.7449998855591
"796",2012,10,"McDevitt",27.3099994659424,6.05499982833862
"797",2012,11,"McDevitt",30.3199996948242,0.950000047683716
"798",2012,12,"McDevitt",35.8499984741211,-4.7350001335144
"799",2013,1,"McDevitt",18.4899997711182,-6.16499996185303
"800",2013,2,"McDevitt",10.9700002670288,-3.57000017166138
"801",2013,3,"McDevitt",11.2399997711182,0.204999923706055
"802",2013,4,"McDevitt",10.1800003051758,3.84000015258789
"803",2013,5,"McDevitt",39.9300003051758,9.80999946594238
"804",2013,6,"McDevitt",28.2800006866455,14.2150001525879
"805",2013,7,"McDevitt",17.0200004577637,20.4850006103516
"806",2013,8,"McDevitt",16.8500003814697,19.4449996948242
"807",2013,9,"McDevitt",44.1100006103516,13.7799997329712
"808",2013,10,"McDevitt",26.1000003814697,5.10999965667725
"809",2013,11,"McDevitt",17,-0.139999866485596
"810",2013,12,"McDevitt",18.0100002288818,-7.03999996185303
"811",2014,1,"McDevitt",17.5699996948242,-2.68499994277954
"812",2014,2,"McDevitt",48.0800018310547,-4.96500015258789
"813",2014,3,"McDevitt",20.1399993896484,0.650000095367432
"814",2014,4,"McDevitt",30.1100006103516,4.375
"815",2014,5,"McDevitt",20.1800003051758,9.86999988555908
"816",2014,6,"McDevitt",32.0200004577637,12.9049997329712
"817",2014,7,"McDevitt",3.00999999046326,19.8250007629395
"818",2014,8,"McDevitt",57.3699989318848,17.0249996185303
"819",2014,9,"McDevitt",20.1200008392334,13.9250001907349
"820",2014,10,"McDevitt",23.9599990844727,8.59500026702881
"821",2014,11,"McDevitt",32.4599990844727,-1.83499991893768
"822",2014,12,"McDevitt",33.9700012207031,-3.71499991416931
"823",2015,1,"McDevitt",15.8599996566772,-2.21000003814697
"824",2015,2,"McDevitt",20.8299999237061,-0.125
"825",2015,3,"McDevitt",8.78999996185303,3.60999989509583
"826",2015,4,"McDevitt",27.9400005340576,4.86999988555908
"827",2015,5,"McDevitt",69.2399978637695,9.56500053405762
"828",2015,6,"McDevitt",24.1100006103516,16.734001159668
"829",1981,1,"Reservoir",7.65000009536743,-3.31499981880188
"830",1981,2,"Reservoir",31.1399993896484,-4.34000015258789
"831",1981,3,"Reservoir",31.8600006103516,-0.175000190734863
"832",1981,4,"Reservoir",39.3400001525879,3
"833",1981,5,"Reservoir",116.559997558594,6.59000015258789
"834",1981,6,"Reservoir",58.0699996948242,10.0599994659424
"835",1981,7,"Reservoir",17.6100006103516,15.3249998092651
"836",1981,8,"Reservoir",7.17999982833862,16.5550003051758
"837",1981,9,"Reservoir",18.6499996185303,10.8249998092651
"838",1981,10,"Reservoir",31.3799991607666,2.64999985694885
"839",1981,11,"Reservoir",38.9199981689453,-0.450000047683716
"840",1981,12,"Reservoir",41.4099998474121,-5.52500009536743
"841",1982,1,"Reservoir",34.2999992370605,-9.1850004196167
"842",1982,2,"Reservoir",22.1599998474121,-8.07999992370605
"843",1982,3,"Reservoir",52.2799987792969,-2.36500000953674
"844",1982,4,"Reservoir",53.5900001525879,-1.25999999046326
"845",1982,5,"Reservoir",59.5999984741211,5.2350001335144
"846",1982,6,"Reservoir",48.1599998474121,10.414999961853
"847",1982,7,"Reservoir",32.1100006103516,14.25
"848",1982,8,"Reservoir",21.8299999237061,15.9899997711182
"849",1982,9,"Reservoir",51.8800010681152,9.38000011444092
"850",1982,10,"Reservoir",28.3500003814697,3.29000020027161
"851",1982,11,"Reservoir",14.5900001525879,-4.8149995803833
"852",1982,12,"Reservoir",46.7999992370605,-7.27499961853027
"853",1983,1,"Reservoir",13.9700002670288,-4.17000007629395
"854",1983,2,"Reservoir",17.6299991607666,-3.36999988555908
"855",1983,3,"Reservoir",41.1500015258789,-0.884999990463257
"856",1983,4,"Reservoir",22.2299995422363,0.450000047683716
"857",1983,5,"Reservoir",38.8699989318848,5.75999975204468
"858",1983,6,"Reservoir",69.9300003051758,10.1049995422363
"859",1983,7,"Reservoir",54.5699996948242,14.1199998855591
"860",1983,8,"Reservoir",66.629997253418,16.8150005340576
"861",1983,9,"Reservoir",35.0099983215332,9.46500015258789
"862",1983,10,"Reservoir",37.5299987792969,5.07999992370605
"863",1983,11,"Reservoir",51.060001373291,-1.0349999666214
"864",1983,12,"Reservoir",35.2900009155273,-13.6499996185303
"865",1984,1,"Reservoir",20.6599998474121,-6.75500011444092
"866",1984,2,"Reservoir",15.039999961853,-5.02999973297119
"867",1984,3,"Reservoir",40.3199996948242,-1.86500000953674
"868",1984,4,"Reservoir",53.4700012207031,0.984999895095825
"869",1984,5,"Reservoir",60.1599998474121,6.28999996185303
"870",1984,6,"Reservoir",84.6399993896484,9.86499977111816
"871",1984,7,"Reservoir",34.560001373291,15.8999996185303
"872",1984,8,"Reservoir",44.1100006103516,16.1849994659424
"873",1984,9,"Reservoir",24.8500003814697,8.11999988555908
"874",1984,10,"Reservoir",35.5900001525879,2.02500009536743
"875",1984,11,"Reservoir",30.0300006866455,-2.44000005722046
"876",1984,12,"Reservoir",27.6299991607666,-9.99499988555908
"877",1985,1,"Reservoir",16.0100002288818,-9.70499992370605
"878",1985,2,"Reservoir",14.289999961853,-9.88999938964844
"879",1985,3,"Reservoir",37.4500007629395,-4.38000011444092
"880",1985,4,"Reservoir",13.6099996566772,3.88499975204468
"881",1985,5,"Reservoir",58.2099990844727,8.41499996185303
"882",1985,6,"Reservoir",20.2299995422363,11.7849998474121
"883",1985,7,"Reservoir",24.2700004577637,17.9500007629395
"884",1985,8,"Reservoir",35.8300018310547,13.4900007247925
"885",1985,9,"Reservoir",70.370002746582,7.28999996185303
"886",1985,10,"Reservoir",23.4799995422363,3.13000011444092
"887",1985,11,"Reservoir",31.5400009155273,-8.5649995803833
"888",1985,12,"Reservoir",11.3199996948242,-9.26499938964844
"889",1986,1,"Reservoir",21.7299995422363,-4.65500020980835
"890",1986,2,"Reservoir",58.5400009155273,-3.88000011444092
"891",1986,3,"Reservoir",24.2099990844727,2.09999990463257
"892",1986,4,"Reservoir",45.8600006103516,2.63499999046326
"893",1986,5,"Reservoir",58.7200012207031,7.05499982833862
"894",1986,6,"Reservoir",35.7400016784668,14.2650003433228
"895",1986,7,"Reservoir",34.2000007629395,13.8700008392334
"896",1986,8,"Reservoir",46.0299987792969,16.5499992370605
"897",1986,9,"Reservoir",61.2700004577637,6.91000032424927
"898",1986,10,"Reservoir",21.6499996185303,4.75999975204468
"899",1986,11,"Reservoir",32.3300018310547,-2.32000017166138
"900",1986,12,"Reservoir",6.3899998664856,-6.40000009536743
"901",1987,1,"Reservoir",16.1399993896484,-7.50999975204468
"902",1987,2,"Reservoir",20.1100006103516,-3.53999996185303
"903",1987,3,"Reservoir",27.7299995422363,-0.964999914169312
"904",1987,4,"Reservoir",13.3500003814697,6.11499977111816
"905",1987,5,"Reservoir",90.6399993896484,9.06500053405762
"906",1987,6,"Reservoir",36.3400001525879,12.5149993896484
"907",1987,7,"Reservoir",89.0599975585938,14.0349998474121
"908",1987,8,"Reservoir",36.2400016784668,13.1200008392334
"909",1987,9,"Reservoir",0,12.1749992370605
"910",1987,10,"Reservoir",0,6.01000022888184
"911",1987,11,"Reservoir",14.1000003814697,-0.420000076293945
"912",1987,12,"Reservoir",33.7099990844727,-6.375
"913",1988,1,"Reservoir",22.6700000762939,-8.55999946594238
"914",1988,2,"Reservoir",18.9599990844727,-4.02499961853027
"915",1988,3,"Reservoir",36.0900001525879,-1.86500000953674
"916",1988,4,"Reservoir",55.4599990844727,4.11999988555908
"917",1988,5,"Reservoir",57.0200004577637,7.92000007629395
"918",1988,6,"Reservoir",29.6299991607666,14.6400003433228
"919",1988,7,"Reservoir",3.96000003814697,17.2350006103516
"920",1988,8,"Reservoir",9.34000015258789,15.7299995422363
"921",1988,9,"Reservoir",19.5100002288818,10.0349998474121
"922",1988,10,"Reservoir",10.3699998855591,7.92999982833862
"923",1988,11,"Reservoir",48.6599998474121,-3.45000004768372
"924",1988,12,"Reservoir",16.2999992370605,-8
"925",1989,1,"Reservoir",33.6500015258789,-8.09499931335449
"926",1989,2,"Reservoir",18.1000003814697,-11.2849998474121
"927",1989,3,"Reservoir",48.6599998474121,-2.7649998664856
"928",1989,4,"Reservoir",27.7299995422363,3.11499977111816
"929",1989,5,"Reservoir",54.4199981689453,5.99499988555908
"930",1989,6,"Reservoir",29.1100006103516,11.2349996566772
"931",1989,7,"Reservoir",21.7399997711182,17.0399990081787
"932",1989,8,"Reservoir",47.4300003051758,13.8199996948242
"933",1989,9,"Reservoir",19.5100002288818,9.70499992370605
"934",1989,10,"Reservoir",49.2099990844727,3.67000007629395
"935",1989,11,"Reservoir",16.2099990844727,-1.45999991893768
"936",1989,12,"Reservoir",19.1700000762939,-6.32499980926514
"937",1990,1,"Reservoir",31.7099990844727,-6.15500020980835
"938",1990,2,"Reservoir",13.2200002670288,-6.8899998664856
"939",1990,3,"Reservoir",29.2299995422363,-2.41500020027161
"940",1990,4,"Reservoir",41.0900001525879,4.36499977111816
"941",1990,5,"Reservoir",58.7799987792969,4.90500020980835
"942",1990,6,"Reservoir",49.8600006103516,10.1449995040894
"943",1990,7,"Reservoir",33.4000015258789,15.5849990844727
"944",1990,8,"Reservoir",47.6599998474121,14.9950008392334
"945",1990,9,"Reservoir",9.3100004196167,12.8550004959106
"946",1990,10,"Reservoir",31,2.9850001335144
"947",1990,11,"Reservoir",23.2399997711182,-1.77999997138977
"948",1990,12,"Reservoir",26.3999996185303,-13.1550006866455
"949",1991,1,"Reservoir",14.8999996185303,-8.85000038146973
"950",1991,2,"Reservoir",7.15000009536743,-1.6949999332428
"951",1991,3,"Reservoir",48.1599998474121,-3.25
"952",1991,4,"Reservoir",57.5800018310547,0.859999895095825
"953",1991,5,"Reservoir",89.3499984741211,4.83500003814697
"954",1991,6,"Reservoir",60.8800010681152,9.82000064849854
"955",1991,7,"Reservoir",12.8299999237061,15.8050003051758
"956",1991,8,"Reservoir",22.7700004577637,16.7799987792969
"957",1991,9,"Reservoir",29.9400005340576,10.9000005722046
"958",1991,10,"Reservoir",30.7299995422363,3.53000020980835
"959",1991,11,"Reservoir",61.1300010681152,-5.10999965667725
"960",1991,12,"Reservoir",22.4899997711182,-6.89999961853027
"961",1992,1,"Reservoir",8.89000034332275,-6.5149998664856
"962",1992,2,"Reservoir",16.0900001525879,-2.67000007629395
"963",1992,3,"Reservoir",15.6199998855591,1.37000012397766
"964",1992,4,"Reservoir",40.0299987792969,3.89499998092651
"965",1992,5,"Reservoir",28.5900001525879,8.92500019073486
"966",1992,6,"Reservoir",91.1900024414062,12.3099994659424
"967",1992,7,"Reservoir",42.1399993896484,12.7849998474121
"968",1992,8,"Reservoir",6.25,14.8200006484985
"969",1992,9,"Reservoir",19.6499996185303,9.07499980926514
"970",1992,10,"Reservoir",30.8199996948242,5.93000030517578
"971",1992,11,"Reservoir",31,-5.1100001335144
"972",1992,12,"Reservoir",32.9900016784668,-9.91499996185303
"973",1993,1,"Reservoir",16.8400001525879,-10.9499998092651
"974",1993,2,"Reservoir",17.0400009155273,-9.30000019073486
"975",1993,3,"Reservoir",42.6599998474121,-0.269999980926514
"976",1993,4,"Reservoir",60.6399993896484,1.21499991416931
"977",1993,5,"Reservoir",56.0200004577637,8.67000007629395
"978",1993,6,"Reservoir",91.8600006103516,9.09000015258789
"979",1993,7,"Reservoir",78.620002746582,10.0550003051758
"980",1993,8,"Reservoir",62.4700012207031,11.9650001525879
"981",1993,9,"Reservoir",5.6399998664856,8.96500015258789
"982",1993,10,"Reservoir",35.0800018310547,4.30000019073486
"983",1993,11,"Reservoir",12.3999996185303,-5.74500036239624
"984",1993,12,"Reservoir",17.2199993133545,-6.98499965667725
"985",1994,1,"Reservoir",26.0100002288818,-4.28999996185303
"986",1994,2,"Reservoir",34.3800010681152,-7.88000011444092
"987",1994,3,"Reservoir",15.9499998092651,-1.20000004768372
"988",1994,4,"Reservoir",40.2299995422363,3.25500011444092
"989",1994,5,"Reservoir",53.0900001525879,8.09000015258789
"990",1994,6,"Reservoir",34.2799987792969,11.210000038147
"991",1994,7,"Reservoir",27.9599990844727,15.2550001144409
"992",1994,8,"Reservoir",15.7600002288818,16.2649993896484
"993",1994,9,"Reservoir",5.82000017166138,11.8700008392334
"994",1994,10,"Reservoir",58.6500015258789,2.50500011444092
"995",1994,11,"Reservoir",38.5,-6.94999980926514
"996",1994,12,"Reservoir",25.1499996185303,-6.94500017166138
"997",1995,1,"Reservoir",26.6700000762939,-8.47000026702881
"998",1995,2,"Reservoir",17.7399997711182,-3.42500019073486
"999",1995,3,"Reservoir",51.7099990844727,-3.25499963760376
"1000",1995,4,"Reservoir",72.5999984741211,0.720000028610229
"1001",1995,5,"Reservoir",88.6500015258789,5.20499992370605
"1002",1995,6,"Reservoir",86.25,9.07999992370605
"1003",1995,7,"Reservoir",46.5200004577637,14.2950000762939
"1004",1995,8,"Reservoir",14.460000038147,14.2049999237061
"1005",1995,9,"Reservoir",34.4000015258789,10.2799997329712
"1006",1995,10,"Reservoir",37.3699989318848,1.90000009536743
"1007",1995,11,"Reservoir",53.2599983215332,-1.09999990463257
"1008",1995,12,"Reservoir",37.7900009155273,-5.43499994277954
"1009",1996,1,"Reservoir",43.5400009155273,-7.90999984741211
"1010",1996,2,"Reservoir",40.0299987792969,-7.22499990463257
"1011",1996,3,"Reservoir",40.9199981689453,-3.50999999046326
"1012",1996,4,"Reservoir",47.7999992370605,1.88000011444092
"1013",1996,5,"Reservoir",77.1800003051758,4.25
"1014",1996,6,"Reservoir",19.7800006866455,11.375
"1015",1996,7,"Reservoir",4.34000015258789,16.0349998474121
"1016",1996,8,"Reservoir",8.1899995803833,15.1550006866455
"1017",1996,9,"Reservoir",11.6499996185303,8.77000045776367
"1018",1996,10,"Reservoir",31.6299991607666,3.74000000953674
"1019",1996,11,"Reservoir",29.5699996948242,-1.57500004768372
"1020",1996,12,"Reservoir",59.1500015258789,-6.81500005722046
"1021",1997,1,"Reservoir",52.3199996948242,-8.02499961853027
"1022",1997,2,"Reservoir",25.3199996948242,-5.875
"1023",1997,3,"Reservoir",29.8199996948242,-1.63499999046326
"1024",1997,4,"Reservoir",68.3199996948242,-0.339999914169312
"1025",1997,5,"Reservoir",33.310001373291,7.60499954223633
"1026",1997,6,"Reservoir",75.379997253418,11.2550001144409
"1027",1997,7,"Reservoir",42.8600006103516,13.9650001525879
"1028",1997,8,"Reservoir",46.4099998474121,14.3500003814697
"1029",1997,9,"Reservoir",34.5099983215332,10.875
"1030",1997,10,"Reservoir",54.310001373291,3.41499996185303
"1031",1997,11,"Reservoir",21.0599994659424,-2.20499992370605
"1032",1997,12,"Reservoir",16.8600006103516,-7.68000030517578
"1033",1998,1,"Reservoir",44.3400001525879,-5.42499971389771
"1034",1998,2,"Reservoir",19.0900001525879,-5.34500026702881
"1035",1998,3,"Reservoir",24.6900005340576,-2.15499997138977
"1036",1998,4,"Reservoir",57.5099983215332,2.23000001907349
"1037",1998,5,"Reservoir",69.6699981689453,7.28000020980835
"1038",1998,6,"Reservoir",78.4300003051758,8.14000034332275
"1039",1998,7,"Reservoir",36.7299995422363,17.0900001525879
"1040",1998,8,"Reservoir",16.6700000762939,16.1499996185303
"1041",1998,9,"Reservoir",27.8899993896484,12.8599996566772
"1042",1998,10,"Reservoir",15.9200000762939,3.86500024795532
"1043",1998,11,"Reservoir",39.5200004577637,-0.910000085830688
"1044",1998,12,"Reservoir",44.3499984741211,-8.10000038146973
"1045",1999,1,"Reservoir",36.3400001525879,-5.13499975204468
"1046",1999,2,"Reservoir",35.0800018310547,-5.45499992370605
"1047",1999,3,"Reservoir",24.5400009155273,-1.8899998664856
"1048",1999,4,"Reservoir",43.5099983215332,0.345000028610229
"1049",1999,5,"Reservoir",69,5.50499963760376
"1050",1999,6,"Reservoir",42.9700012207031,9.78499984741211
"1051",1999,7,"Reservoir",0,14.8299999237061
"1052",1999,8,"Reservoir",28.9899997711182,15.6999998092651
"1053",1999,9,"Reservoir",8.96000003814697,9.11999988555908
"1054",1999,10,"Reservoir",5.92999982833862,6.375
"1055",1999,11,"Reservoir",23.3999996185303,1.7649998664856
"1056",1999,12,"Reservoir",31.1100006103516,-4.07999992370605
"1057",2000,1,"Reservoir",37.6599998474121,-6.08500003814697
"1058",2000,2,"Reservoir",24.6800003051758,-2.98000001907349
"1059",2000,3,"Reservoir",25.6100006103516,-1.38000011444092
"1060",2000,4,"Reservoir",24.5900001525879,4.42499971389771
"1061",2000,5,"Reservoir",52.9000015258789,7.25499963760376
"1062",2000,6,"Reservoir",18.5400009155273,11.4200000762939
"1063",2000,7,"Reservoir",9.03999996185303,16.4400005340576
"1064",2000,8,"Reservoir",13.7299995422363,16.5400009155273
"1065",2000,9,"Reservoir",29.5200004577637,9.32999992370605
"1066",2000,10,"Reservoir",63.2599983215332,3.99499988555908
"1067",2000,11,"Reservoir",24.2199993133545,-6.70499992370605
"1068",2000,12,"Reservoir",16.4599990844727,-6.42999982833862
"1069",2001,1,"Reservoir",11.1499996185303,-6.23999977111816
"1070",2001,2,"Reservoir",13.4200000762939,-7.0649995803833
"1071",2001,3,"Reservoir",23.2999992370605,-0.705000162124634
"1072",2001,4,"Reservoir",59.310001373291,1.42500019073486
"1073",2001,5,"Reservoir",23.3899993896484,8.05500030517578
"1074",2001,6,"Reservoir",55.6800003051758,11.085000038147
"1075",2001,7,"Reservoir",25.9200000762939,15.835000038147
"1076",2001,8,"Reservoir",3.91000008583069,17.1200008392334
"1077",2001,9,"Reservoir",35.2900009155273,12.6099996566772
"1078",2001,10,"Reservoir",32.0699996948242,4.39000034332275
"1079",2001,11,"Reservoir",18.5400009155273,0.769999980926514
"1080",2001,12,"Reservoir",29.4300003051758,-7.90000009536743
"1081",2002,1,"Reservoir",28.3299999237061,-7.35500001907349
"1082",2002,2,"Reservoir",17.2600002288818,-5.73000001907349
"1083",2002,3,"Reservoir",28.7099990844727,-4.35500001907349
"1084",2002,4,"Reservoir",40,1.6800000667572
"1085",2002,5,"Reservoir",42.6500015258789,6.02499961853027
"1086",2002,6,"Reservoir",57.2000007629395,11.625
"1087",2002,7,"Reservoir",16.3299999237061,17.5550003051758
"1088",2002,8,"Reservoir",27.5799999237061,13.1400003433228
"1089",2002,9,"Reservoir",16.0699996948242,10.7600002288818
"1090",2002,10,"Reservoir",15.1599998474121,2.10499978065491
"1091",2002,11,"Reservoir",21.6499996185303,-1.94500005245209
"1092",2002,12,"Reservoir",16.6599998474121,-4.36499977111816
"1093",2003,1,"Reservoir",36.6599998474121,-2.99000000953674
"1094",2003,2,"Reservoir",41.7799987792969,-6.58500003814697
"1095",2003,3,"Reservoir",48.189998626709,-1.15499997138977
"1096",2003,4,"Reservoir",67.879997253418,2.15999984741211
"1097",2003,5,"Reservoir",30.0699996948242,6.91999959945679
"1098",2003,6,"Reservoir",17.8199996948242,11.335000038147
"1099",2003,7,"Reservoir",13.5600004196167,18.4150009155273
"1100",2003,8,"Reservoir",27.8099994659424,17.4099998474121
"1101",2003,9,"Reservoir",7.32000017166138,10.9300003051758
"1102",2003,10,"Reservoir",17.8099994659424,7.03000020980835
"1103",2003,11,"Reservoir",20.0900001525879,-5.51999998092651
"1104",2003,12,"Reservoir",36.5299987792969,-5.34500026702881
"1105",2004,1,"Reservoir",20.9300003051758,-6.33500003814697
"1106",2004,2,"Reservoir",23.5799999237061,-5.75999975204468
"1107",2004,3,"Reservoir",14.2700004577637,1.67499995231628
"1108",2004,4,"Reservoir",31.0200004577637,3.85500001907349
"1109",2004,5,"Reservoir",80.6900024414062,6.2649998664856
"1110",2004,6,"Reservoir",40.0200004577637,10.8999996185303
"1111",2004,7,"Reservoir",27.7900009155273,15.3699998855591
"1112",2004,8,"Reservoir",34.8300018310547,13.9699993133545
"1113",2004,9,"Reservoir",35.2200012207031,9.09500026702881
"1114",2004,10,"Reservoir",31.8799991607666,4.53999996185303
"1115",2004,11,"Reservoir",10.3199996948242,-1.50499999523163
"1116",2004,12,"Reservoir",22.4200000762939,-4.34999990463257
"1117",2005,1,"Reservoir",13.1199998855591,-5.11500024795532
"1118",2005,2,"Reservoir",6.8600001335144,-3.80999994277954
"1119",2005,3,"Reservoir",24.3899993896484,-0.720000028610229
"1120",2005,4,"Reservoir",50.9199981689453,2.46500015258789
"1121",2005,5,"Reservoir",81.3199996948242,6.58500003814697
"1122",2005,6,"Reservoir",75.7099990844727,9.31500053405762
"1123",2005,7,"Reservoir",8.68000030517578,16.4400005340576
"1124",2005,8,"Reservoir",20.6200008392334,15.1149997711182
"1125",2005,9,"Reservoir",33.1500015258789,9.91499996185303
"1126",2005,10,"Reservoir",29.9699993133545,6.12999963760376
"1127",2005,11,"Reservoir",51.439998626709,-1.70499992370605
"1128",2005,12,"Reservoir",30.8199996948242,-6.95499992370605
"1129",2006,1,"Reservoir",40.5,-4.29500007629395
"1130",2006,2,"Reservoir",14.1300001144409,-6.81999969482422
"1131",2006,3,"Reservoir",34.1500015258789,-2.77500009536743
"1132",2006,4,"Reservoir",55.9500007629395,3.44999980926514
"1133",2006,5,"Reservoir",29.4500007629395,8.14000034332275
"1134",2006,6,"Reservoir",51.5999984741211,12.8299999237061
"1135",2006,7,"Reservoir",14.6300001144409,18.6100006103516
"1136",2006,8,"Reservoir",13.6499996185303,14.9949998855591
"1137",2006,9,"Reservoir",29.7000007629395,9.88500022888184
"1138",2006,10,"Reservoir",61.310001373291,3.75499963760376
"1139",2006,11,"Reservoir",32.7000007629395,-1.77500009536743
"1140",2006,12,"Reservoir",26.3799991607666,-5.40000009536743
"1141",2007,1,"Reservoir",15.5699996948242,-8.36499977111816
"1142",2007,2,"Reservoir",33.5699996948242,-3.64499998092651
"1143",2007,3,"Reservoir",21.5400009155273,1.26999998092651
"1144",2007,4,"Reservoir",41.560001373291,3.25500011444092
"1145",2007,5,"Reservoir",51.0900001525879,7.81500005722046
"1146",2007,6,"Reservoir",47.3800010681152,12.4650001525879
"1147",2007,7,"Reservoir",19.2800006866455,19.4300003051758
"1148",2007,8,"Reservoir",13.039999961853,15.835000038147
"1149",2007,9,"Reservoir",47.75,9.9350004196167
"1150",2007,10,"Reservoir",47.9900016784668,3.59000015258789
"1151",2007,11,"Reservoir",27.7099990844727,-1.16999983787537
"1152",2007,12,"Reservoir",40.7400016784668,-8.36499977111816
"1153",2008,1,"Reservoir",28.2000007629395,-9.90500068664551
"1154",2008,2,"Reservoir",22.8299999237061,-4.86999988555908
"1155",2008,3,"Reservoir",30.9599990844727,-3.75999975204468
"1156",2008,4,"Reservoir",31.3500003814697,-0.914999961853027
"1157",2008,5,"Reservoir",64.629997253418,5.81500005722046
"1158",2008,6,"Reservoir",26.6599998474121,10.1750001907349
"1159",2008,7,"Reservoir",19.6299991607666,16.314998626709
"1160",2008,8,"Reservoir",8.47000026702881,15.4049997329712
"1161",2008,9,"Reservoir",30.2600002288818,9.625
"1162",2008,10,"Reservoir",34.9500007629395,4.13500022888184
"1163",2008,11,"Reservoir",31.0499992370605,0.545000076293945
"1164",2008,12,"Reservoir",38.1800003051758,-8.61499977111816
"1165",2009,1,"Reservoir",31.1299991607666,-5.57999992370605
"1166",2009,2,"Reservoir",9.69999980926514,-4.40000009536743
"1167",2009,3,"Reservoir",66.6999969482422,-3.82999992370605
"1168",2009,4,"Reservoir",60.4199981689453,1.08500003814697
"1169",2009,5,"Reservoir",38.2000007629395,6.82999992370605
"1170",2009,6,"Reservoir",87.0999984741211,9.91499900817871
"1171",2009,7,"Reservoir",23.5200004577637,15.085000038147
"1172",2009,8,"Reservoir",39.5,14.6399993896484
"1173",2009,9,"Reservoir",24.8299999237061,13.375
"1174",2009,10,"Reservoir",55.8400001525879,0.105000019073486
"1175",2009,11,"Reservoir",17.3199996948242,-2.18500018119812
"1176",2009,12,"Reservoir",10.0799999237061,-9.96999931335449
"1177",2010,1,"Reservoir",24.5499992370605,-5.29499959945679
"1178",2010,2,"Reservoir",11.460000038147,-5.42499971389771
"1179",2010,3,"Reservoir",18.4300003051758,-0.575000047683716
"1180",2010,4,"Reservoir",41.0099983215332,1.54500007629395
"1181",2010,5,"Reservoir",87.5699996948242,3.21499967575073
"1182",2010,6,"Reservoir",82.379997253418,9.86499977111816
"1183",2010,7,"Reservoir",14.5900001525879,14.5100002288818
"1184",2010,8,"Reservoir",34.4099998474121,14.2350006103516
"1185",2010,9,"Reservoir",26.5900001525879,10.8150005340576
"1186",2010,10,"Reservoir",32.7900009155273,6.84999990463257
"1187",2010,11,"Reservoir",39.9300003051758,-3.02999997138977
"1188",2010,12,"Reservoir",40.0200004577637,-6.77500009536743
"1189",2011,1,"Reservoir",26.6900005340576,-6.8149995803833
"1190",2011,2,"Reservoir",12.8199996948242,-8.14000034332275
"1191",2011,3,"Reservoir",43.9799995422363,-2.59000015258789
"1192",2011,4,"Reservoir",56.3600006103516,-0.480000019073486
"1193",2011,5,"Reservoir",94.6500015258789,4.79500007629395
"1194",2011,6,"Reservoir",62.3499984741211,9.36499977111816
"1195",2011,7,"Reservoir",27.4500007629395,15.6700000762939
"1196",2011,8,"Reservoir",10.75,16.2450008392334
"1197",2011,9,"Reservoir",7.1100001335144,12.5900001525879
"1198",2011,10,"Reservoir",43.4599990844727,5.60500001907349
"1199",2011,11,"Reservoir",19.8500003814697,-3.73499989509583
"1200",2011,12,"Reservoir",24.2900009155273,-5.88499975204468
"1201",2012,1,"Reservoir",16.5200004577637,-5.1399998664856
"1202",2012,2,"Reservoir",22.4300003051758,-5.5149998664856
"1203",2012,3,"Reservoir",51.2099990844727,0.369999885559082
"1204",2012,4,"Reservoir",33.439998626709,4.06500005722046
"1205",2012,5,"Reservoir",39.0400009155273,6.1850004196167
"1206",2012,6,"Reservoir",20.8099994659424,11.6749992370605
"1207",2012,7,"Reservoir",27.2800006866455,17.7049999237061
"1208",2012,8,"Reservoir",12.3999996185303,16.7099990844727
"1209",2012,9,"Reservoir",10.8900003433228,12.5249996185303
"1210",2012,10,"Reservoir",31.2600002288818,3.61999988555908
"1211",2012,11,"Reservoir",30.5599994659424,-0.474999904632568
"1212",2012,12,"Reservoir",35.939998626709,-6.68499994277954
"1213",2013,1,"Reservoir",18.0100002288818,-6.69000005722046
"1214",2013,2,"Reservoir",11.3400001525879,-5.5
"1215",2013,3,"Reservoir",17.1200008392334,-2.02499985694885
"1216",2013,4,"Reservoir",19.6499996185303,1.25
"1217",2013,5,"Reservoir",56.3499984741211,7.5
"1218",2013,6,"Reservoir",45.7599983215332,11.8149995803833
"1219",2013,7,"Reservoir",17.4099998474121,17.9150009155273
"1220",2013,8,"Reservoir",24.4599990844727,16.8800010681152
"1221",2013,9,"Reservoir",59.5699996948242,11.335000038147
"1222",2013,10,"Reservoir",35.8400001525879,2.875
"1223",2013,11,"Reservoir",16.3400001525879,-1.17000007629395
"1224",2013,12,"Reservoir",22.2299995422363,-7.71000003814697
"1225",2014,1,"Reservoir",18.7800006866455,-3.45500016212463
"1226",2014,2,"Reservoir",49.439998626709,-8.28999996185303
"1227",2014,3,"Reservoir",36.1699981689453,-1.78500008583069
"1228",2014,4,"Reservoir",37.2900009155273,2.11500024795532
"1229",2014,5,"Reservoir",34.9799995422363,7.41499996185303
"1230",2014,6,"Reservoir",45.3300018310547,10.3000001907349
"1231",2014,7,"Reservoir",8.6899995803833,17.4150009155273
"1232",2014,8,"Reservoir",61.9599990844727,14.5649995803833
"1233",2014,9,"Reservoir",27.4500007629395,11.0349998474121
"1234",2014,10,"Reservoir",28.6499996185303,6.72500038146973
"1235",2014,11,"Reservoir",37.4599990844727,-3.17499995231628
"1236",2014,12,"Reservoir",35.7599983215332,-4.94499969482422
"1237",2015,1,"Reservoir",14.1700000762939,-2.68499994277954
"1238",2015,2,"Reservoir",19.9799995422363,-1.81500005722046
"1239",2015,3,"Reservoir",14.960000038147,1.72500014305115
"1240",2015,4,"Reservoir",42.060001373291,2.55000019073486
"1241",2015,5,"Reservoir",84.8600006103516,7.34000015258789
"1242",2015,6,"Reservoir",28.3400001525879,14.609001159668
"1243",1981,1,"Sheep",2.76999998092651,-2.29499983787537
"1244",1981,2,"Sheep",15.3100004196167,-3.41500020027161
"1245",1981,3,"Sheep",21.2700004577637,0.904999971389771
"1246",1981,4,"Sheep",22.3199996948242,4.29500007629395
"1247",1981,5,"Sheep",105.129997253418,7.88000011444092
"1248",1981,6,"Sheep",31.9300003051758,11.5249996185303
"1249",1981,7,"Sheep",14.0699996948242,16.5300006866455
"1250",1981,8,"Sheep",5.03000020980835,17.2250003814697
"1251",1981,9,"Sheep",12.3599996566772,11.4900007247925
"1252",1981,10,"Sheep",25.1700000762939,3.54500007629395
"1253",1981,11,"Sheep",21.2700004577637,0.544999837875366
"1254",1981,12,"Sheep",16.5699996948242,-5.47500038146973
"1255",1982,1,"Sheep",16.6399993896484,-8.125
"1256",1982,2,"Sheep",8.72000026702881,-7.25
"1257",1982,3,"Sheep",31.25,-1.17000007629395
"1258",1982,4,"Sheep",21.9799995422363,0.0950000286102295
"1259",1982,5,"Sheep",50.2900009155273,6.57999992370605
"1260",1982,6,"Sheep",40.0200004577637,11.7349996566772
"1261",1982,7,"Sheep",23.2600002288818,15.5450000762939
"1262",1982,8,"Sheep",19.4599990844727,16.8050003051758
"1263",1982,9,"Sheep",39.2200012207031,9.97500038146973
"1264",1982,10,"Sheep",15.5200004577637,4.03000020980835
"1265",1982,11,"Sheep",6.19000005722046,-3.81500005722046
"1266",1982,12,"Sheep",23.9799995422363,-7.39499998092651
"1267",1983,1,"Sheep",4.40000009536743,-3.3050000667572
"1268",1983,2,"Sheep",6.1399998664856,-2.54000020027161
"1269",1983,3,"Sheep",19.7299995422363,0.125
"1270",1983,4,"Sheep",5.30000019073486,1.60000014305115
"1271",1983,5,"Sheep",22.5100002288818,7.09999990463257
"1272",1983,6,"Sheep",72.7900009155273,11.4499998092651
"1273",1983,7,"Sheep",53.0999984741211,15.25
"1274",1983,8,"Sheep",66.1699981689453,17.5149993896484
"1275",1983,9,"Sheep",28.4500007629395,10.0799999237061
"1276",1983,10,"Sheep",31.0799999237061,5.78499984741211
"1277",1983,11,"Sheep",28.0499992370605,-0.255000114440918
"1278",1983,12,"Sheep",18.4599990844727,-13.8400001525879
"1279",1984,1,"Sheep",5.21000003814697,-5.91499996185303
"1280",1984,2,"Sheep",7.88000011444092,-4.18000030517578
"1281",1984,3,"Sheep",14.6700000762939,-0.649999856948853
"1282",1984,4,"Sheep",24.7299995422363,2.17499995231628
"1283",1984,5,"Sheep",36.5099983215332,7.59000015258789
"1284",1984,6,"Sheep",65.3300018310547,11.1000003814697
"1285",1984,7,"Sheep",35.0900001525879,17.0249996185303
"1286",1984,8,"Sheep",36.4599990844727,16.8649997711182
"1287",1984,9,"Sheep",17.0200004577637,8.72500038146973
"1288",1984,10,"Sheep",18.2099990844727,2.70499992370605
"1289",1984,11,"Sheep",13.5500001907349,-1.66999995708466
"1290",1984,12,"Sheep",9.52999973297119,-10.1000003814697
"1291",1985,1,"Sheep",9.64999961853027,-8.78499984741211
"1292",1985,2,"Sheep",4.11999988555908,-9.19000053405762
"1293",1985,3,"Sheep",23.4400005340576,-3.41999983787537
"1294",1985,4,"Sheep",4.30000019073486,5.13000011444092
"1295",1985,5,"Sheep",51.3400001525879,9.55999946594238
"1296",1985,6,"Sheep",17.2000007629395,12.9300003051758
"1297",1985,7,"Sheep",23.1100006103516,18.8349990844727
"1298",1985,8,"Sheep",26.9699993133545,14.1549997329712
"1299",1985,9,"Sheep",37.5699996948242,7.88000011444092
"1300",1985,10,"Sheep",9.60999965667725,3.73499965667725
"1301",1985,11,"Sheep",15.1499996185303,-7.81500005722046
"1302",1985,12,"Sheep",4.71000003814697,-9.58500003814697
"1303",1986,1,"Sheep",8.81999969482422,-4.00500011444092
"1304",1986,2,"Sheep",26.2999992370605,-3.29500007629395
"1305",1986,3,"Sheep",14.1000003814697,3.15499973297119
"1306",1986,4,"Sheep",24.9400005340576,3.92500019073486
"1307",1986,5,"Sheep",37.6199989318848,8.18499946594238
"1308",1986,6,"Sheep",28.0900001525879,15.4650001525879
"1309",1986,7,"Sheep",31.3700008392334,15.0100002288818
"1310",1986,8,"Sheep",39.8300018310547,17.1499996185303
"1311",1986,9,"Sheep",40.6100006103516,7.67000007629395
"1312",1986,10,"Sheep",11.8100004196167,5.32499980926514
"1313",1986,11,"Sheep",14.039999961853,-1.75999999046326
"1314",1986,12,"Sheep",3.26999998092651,-6.82000017166138
"1315",1987,1,"Sheep",5.55000019073486,-6.88499975204468
"1316",1987,2,"Sheep",8.03999996185303,-2.92499971389771
"1317",1987,3,"Sheep",13.789999961853,-0.065000057220459
"1318",1987,4,"Sheep",9.9399995803833,7.14499998092651
"1319",1987,5,"Sheep",90.379997253418,10.2699995040894
"1320",1987,6,"Sheep",34.939998626709,13.7849998474121
"1321",1987,7,"Sheep",88.2200012207031,15.1900005340576
"1322",1987,8,"Sheep",35.8600006103516,13.8450002670288
"1323",1987,9,"Sheep",0,12.4950008392334
"1324",1987,10,"Sheep",0,6.41500043869019
"1325",1987,11,"Sheep",5.80999994277954,0.159999847412109
"1326",1987,12,"Sheep",15,-6.49000024795532
"1327",1988,1,"Sheep",5.6100001335144,-7.75
"1328",1988,2,"Sheep",5.15000009536743,-3.12499976158142
"1329",1988,3,"Sheep",15.5600004196167,-0.870000123977661
"1330",1988,4,"Sheep",34.4700012207031,5.30999994277954
"1331",1988,5,"Sheep",48.1300010681152,9.14000034332275
"1332",1988,6,"Sheep",25.0200004577637,15.8800001144409
"1333",1988,7,"Sheep",3.09999990463257,18.0849990844727
"1334",1988,8,"Sheep",6.82000017166138,16.3549995422363
"1335",1988,9,"Sheep",15.4899997711182,10.4949998855591
"1336",1988,10,"Sheep",4.76000022888184,8.41499996185303
"1337",1988,11,"Sheep",19.8899993896484,-2.04999971389771
"1338",1988,12,"Sheep",7.88000011444092,-7.79500007629395
"1339",1989,1,"Sheep",18.6499996185303,-6.80000019073486
"1340",1989,2,"Sheep",10.1400003433228,-11.4650001525879
"1341",1989,3,"Sheep",25.5400009155273,-1.70499992370605
"1342",1989,4,"Sheep",14.6999998092651,4.3899998664856
"1343",1989,5,"Sheep",40.2599983215332,7.36500024795532
"1344",1989,6,"Sheep",19.9400005340576,12.6400003433228
"1345",1989,7,"Sheep",19.8199996948242,18.2849998474121
"1346",1989,8,"Sheep",34.3800010681152,14.6650009155273
"1347",1989,9,"Sheep",14.8900003433228,10.5599994659424
"1348",1989,10,"Sheep",34.9500007629395,4.65000009536743
"1349",1989,11,"Sheep",1.85000002384186,0.275000095367432
"1350",1989,12,"Sheep",7.65999984741211,-5.80999994277954
"1351",1990,1,"Sheep",11.4700002670288,-4.44500017166138
"1352",1990,2,"Sheep",1.63999998569489,-5.29500007629395
"1353",1990,3,"Sheep",17,-0.900000095367432
"1354",1990,4,"Sheep",20.5599994659424,5.64499998092651
"1355",1990,5,"Sheep",44.1500015258789,6.52500009536743
"1356",1990,6,"Sheep",41.0999984741211,11.6700000762939
"1357",1990,7,"Sheep",34.3699989318848,16.9500007629395
"1358",1990,8,"Sheep",39.9099998474121,16.0799999237061
"1359",1990,9,"Sheep",5.84999990463257,13.7800006866455
"1360",1990,10,"Sheep",11.9300003051758,4.07999992370605
"1361",1990,11,"Sheep",7.67000007629395,0.0349998474121094
"1362",1990,12,"Sheep",11.3400001525879,-12.5349998474121
"1363",1991,1,"Sheep",3.27999997138977,-7.46000003814697
"1364",1991,2,"Sheep",3.95000004768372,-0.15500020980835
"1365",1991,3,"Sheep",24.9500007629395,-1.64000010490417
"1366",1991,4,"Sheep",27.4799995422363,2.375
"1367",1991,5,"Sheep",72.629997253418,6.40999984741211
"1368",1991,6,"Sheep",53.7299995422363,11.3999996185303
"1369",1991,7,"Sheep",9.23999977111816,17.2900009155273
"1370",1991,8,"Sheep",16.5300006866455,17.9050006866455
"1371",1991,9,"Sheep",28.8999996185303,11.7950000762939
"1372",1991,10,"Sheep",18.8099994659424,4.49499988555908
"1373",1991,11,"Sheep",27.1700000762939,-3.65000009536743
"1374",1991,12,"Sheep",9.47000026702881,-6.42000007629395
"1375",1992,1,"Sheep",3.95000004768372,-5.32499980926514
"1376",1992,2,"Sheep",7.67999982833862,-1.40499997138977
"1377",1992,3,"Sheep",7.36999988555908,2.95499992370605
"1378",1992,4,"Sheep",21.1700000762939,5.2350001335144
"1379",1992,5,"Sheep",30.4799995422363,10.4949998855591
"1380",1992,6,"Sheep",69.8499984741211,13.7299995422363
"1381",1992,7,"Sheep",40.1800003051758,14.2150001525879
"1382",1992,8,"Sheep",3.69000005722046,15.7449998855591
"1383",1992,9,"Sheep",8.27000045776367,10.085000038147
"1384",1992,10,"Sheep",25.4400005340576,6.71500015258789
"1385",1992,11,"Sheep",18.4200000762939,-3.72000002861023
"1386",1992,12,"Sheep",13.4499998092651,-9.69999980926514
"1387",1993,1,"Sheep",9.78999996185303,-10.1049995422363
"1388",1993,2,"Sheep",11.3999996185303,-9.13000011444092
"1389",1993,3,"Sheep",24.2700004577637,0.579999923706055
"1390",1993,4,"Sheep",33.9300003051758,2.82000017166138
"1391",1993,5,"Sheep",49.7999992370605,10.1000003814697
"1392",1993,6,"Sheep",75.5699996948242,10.789999961853
"1393",1993,7,"Sheep",83.6399993896484,11.5899991989136
"1394",1993,8,"Sheep",42.689998626709,13.039999961853
"1395",1993,9,"Sheep",1.62999999523163,9.82999992370605
"1396",1993,10,"Sheep",30.2800006866455,5.18499994277954
"1397",1993,11,"Sheep",5.19999980926514,-4.47000026702881
"1398",1993,12,"Sheep",6.6100001335144,-6.04500007629395
"1399",1994,1,"Sheep",7.40999984741211,-2.55999994277954
"1400",1994,2,"Sheep",16.5200004577637,-6.79500007629395
"1401",1994,3,"Sheep",9.46000003814697,0.454999923706055
"1402",1994,4,"Sheep",25.0799999237061,4.59000015258789
"1403",1994,5,"Sheep",39.9099998474121,9.52500057220459
"1404",1994,6,"Sheep",27.0799999237061,12.6700000762939
"1405",1994,7,"Sheep",22.8799991607666,16.5049991607666
"1406",1994,8,"Sheep",10.3900003433228,17.2150001525879
"1407",1994,9,"Sheep",4.07999992370605,12.6850004196167
"1408",1994,10,"Sheep",42.7000007629395,3.53499984741211
"1409",1994,11,"Sheep",15.3699998855591,-5.25
"1410",1994,12,"Sheep",13.1800003051758,-6.25500011444092
"1411",1995,1,"Sheep",18.0699996948242,-7.80499982833862
"1412",1995,2,"Sheep",9.73999977111816,-2.17999982833862
"1413",1995,3,"Sheep",27.9500007629395,-1.82999992370605
"1414",1995,4,"Sheep",46.3699989318848,2.25499987602234
"1415",1995,5,"Sheep",76.3399963378906,6.55500030517578
"1416",1995,6,"Sheep",81.8199996948242,10.5100002288818
"1417",1995,7,"Sheep",42.6699981689453,15.6199998855591
"1418",1995,8,"Sheep",12.6599998474121,15.164999961853
"1419",1995,9,"Sheep",33.5200004577637,10.9200000762939
"1420",1995,10,"Sheep",19.6200008392334,2.90000009536743
"1421",1995,11,"Sheep",27.8299999237061,0.334999799728394
"1422",1995,12,"Sheep",17.0599994659424,-5.09999990463257
"1423",1996,1,"Sheep",25.8400001525879,-6.67000007629395
"1424",1996,2,"Sheep",25.6299991607666,-6.30499982833862
"1425",1996,3,"Sheep",27.9599990844727,-2.72000026702881
"1426",1996,4,"Sheep",25.6900005340576,3.34499979019165
"1427",1996,5,"Sheep",59.3199996948242,5.72499990463257
"1428",1996,6,"Sheep",19.7800006866455,12.8050003051758
"1429",1996,7,"Sheep",6.94000005722046,17.314998626709
"1430",1996,8,"Sheep",6.55000019073486,15.8150005340576
"1431",1996,9,"Sheep",7.92000007629395,9.39999961853027
"1432",1996,10,"Sheep",16.7900009155273,4.54500007629395
"1433",1996,11,"Sheep",12.0299997329712,-1.01999998092651
"1434",1996,12,"Sheep",24.8500003814697,-6.65999984741211
"1435",1997,1,"Sheep",28.5300006866455,-7.27999973297119
"1436",1997,2,"Sheep",9.35000038146973,-5.01999998092651
"1437",1997,3,"Sheep",13.1099996566772,-0.490000009536743
"1438",1997,4,"Sheep",45.5999984741211,0.840000152587891
"1439",1997,5,"Sheep",28.1299991607666,8.74499988555908
"1440",1997,6,"Sheep",63.5800018310547,12.5050001144409
"1441",1997,7,"Sheep",41.2400016784668,14.9799995422363
"1442",1997,8,"Sheep",34.9500007629395,15.1400003433228
"1443",1997,9,"Sheep",27.2000007629395,11.5100002288818
"1444",1997,10,"Sheep",43.3699989318848,4.00499963760376
"1445",1997,11,"Sheep",11.3900003433228,-1.3899998664856
"1446",1997,12,"Sheep",11.8999996185303,-8.39999961853027
"1447",1998,1,"Sheep",25.8400001525879,-5.19999980926514
"1448",1998,2,"Sheep",10.710000038147,-4.73499965667725
"1449",1998,3,"Sheep",15.7600002288818,-1.75
"1450",1998,4,"Sheep",32.1399993896484,3.33500003814697
"1451",1998,5,"Sheep",57.9599990844727,8.34000015258789
"1452",1998,6,"Sheep",73.5299987792969,9.22000026702881
"1453",1998,7,"Sheep",38.9900016784668,18.1049995422363
"1454",1998,8,"Sheep",9.67000007629395,16.7999992370605
"1455",1998,9,"Sheep",15.7399997711182,13.4250001907349
"1456",1998,10,"Sheep",13.0299997329712,4.34500026702881
"1457",1998,11,"Sheep",14.3999996185303,-0.0199999809265137
"1458",1998,12,"Sheep",24.6399993896484,-7.92500019073486
"1459",1999,1,"Sheep",15.75,-4.19500017166138
"1460",1999,2,"Sheep",13.710000038147,-4.49000024795532
"1461",1999,3,"Sheep",15.710000038147,-1.01500010490417
"1462",1999,4,"Sheep",26.9500007629395,1.48499989509583
"1463",1999,5,"Sheep",60.2000007629395,6.63499975204468
"1464",1999,6,"Sheep",36.25,10.9049997329712
"1465",1999,7,"Sheep",0,15.6050004959106
"1466",1999,8,"Sheep",27.6299991607666,16.3950004577637
"1467",1999,9,"Sheep",4.53999996185303,9.51999950408936
"1468",1999,10,"Sheep",2,6.80999994277954
"1469",1999,11,"Sheep",8.09000015258789,2.6800000667572
"1470",1999,12,"Sheep",11.8199996948242,-4.35499954223633
"1471",2000,1,"Sheep",20.7600002288818,-5.27500009536743
"1472",2000,2,"Sheep",12.7700004577637,-2.38000011444092
"1473",2000,3,"Sheep",13.6300001144409,-0.619999885559082
"1474",2000,4,"Sheep",9.73999977111816,5.28000020980835
"1475",2000,5,"Sheep",38.0099983215332,8.38500022888184
"1476",2000,6,"Sheep",12.1499996185303,12.4850006103516
"1477",2000,7,"Sheep",9.9399995803833,17.4050006866455
"1478",2000,8,"Sheep",9.65999984741211,17.375
"1479",2000,9,"Sheep",10.4499998092651,9.96499919891357
"1480",2000,10,"Sheep",54.1199989318848,4.57999992370605
"1481",2000,11,"Sheep",13.3400001525879,-6.80000019073486
"1482",2000,12,"Sheep",7.61999988555908,-7.01999998092651
"1483",2001,1,"Sheep",6.96000003814697,-5.98499965667725
"1484",2001,2,"Sheep",4.5,-6.82999992370605
"1485",2001,3,"Sheep",12.0299997329712,0.150000095367432
"1486",2001,4,"Sheep",28.2999992370605,2.54499983787537
"1487",2001,5,"Sheep",13.1000003814697,9.19000053405762
"1488",2001,6,"Sheep",47.9000015258789,12.1349992752075
"1489",2001,7,"Sheep",24.7399997711182,16.9449996948242
"1490",2001,8,"Sheep",3.82999992370605,17.7200012207031
"1491",2001,9,"Sheep",27.4200000762939,13.1400003433228
"1492",2001,10,"Sheep",14.289999961853,5.02999973297119
"1493",2001,11,"Sheep",9.35000038146973,1.51500010490417
"1494",2001,12,"Sheep",9.10999965667725,-8.20499992370605
"1495",2002,1,"Sheep",18.4899997711182,-6.39499950408936
"1496",2002,2,"Sheep",5.98999977111816,-5.44999980926514
"1497",2002,3,"Sheep",15.1999998092651,-3.96499991416931
"1498",2002,4,"Sheep",17.5300006866455,2.62999987602234
"1499",2002,5,"Sheep",23.8899993896484,7.03500032424927
"1500",2002,6,"Sheep",44.9199981689453,12.7600002288818
"1501",2002,7,"Sheep",16.7999992370605,18.5100002288818
"1502",2002,8,"Sheep",27.1599998474121,13.7399997711182
"1503",2002,9,"Sheep",18.5599994659424,11.3149995803833
"1504",2002,10,"Sheep",10.1099996566772,2.54999995231628
"1505",2002,11,"Sheep",11.1899995803833,-1.66500008106232
"1506",2002,12,"Sheep",7.6399998664856,-4.32499980926514
"1507",2003,1,"Sheep",13.8400001525879,-2.17500019073486
"1508",2003,2,"Sheep",21.9200000762939,-6.06500005722046
"1509",2003,3,"Sheep",20.0400009155273,-0.290000200271606
"1510",2003,4,"Sheep",54.9900016784668,3.29499983787537
"1511",2003,5,"Sheep",17.7099990844727,8.0600004196167
"1512",2003,6,"Sheep",11.6199998855591,12.375
"1513",2003,7,"Sheep",14.9799995422363,19.3700008392334
"1514",2003,8,"Sheep",16.8099994659424,18.0799999237061
"1515",2003,9,"Sheep",1.60000002384186,11.3950004577637
"1516",2003,10,"Sheep",7.76000022888184,7.4850001335144
"1517",2003,11,"Sheep",6.30000019073486,-4.98000001907349
"1518",2003,12,"Sheep",22.6200008392334,-5.3600001335144
"1519",2004,1,"Sheep",8.34000015258789,-6.21500015258789
"1520",2004,2,"Sheep",13.7399997711182,-5.19500017166138
"1521",2004,3,"Sheep",5.69999980926514,2.60500001907349
"1522",2004,4,"Sheep",19.7900009155273,4.80999994277954
"1523",2004,5,"Sheep",60.2900009155273,7.33999967575073
"1524",2004,6,"Sheep",45.7000007629395,12.0450000762939
"1525",2004,7,"Sheep",32.3699989318848,16.4599990844727
"1526",2004,8,"Sheep",23.1000003814697,14.710000038147
"1527",2004,9,"Sheep",19.9799995422363,9.69499969482422
"1528",2004,10,"Sheep",23.0300006866455,5.125
"1529",2004,11,"Sheep",3.36999988555908,-1.09500002861023
"1530",2004,12,"Sheep",8.64999961853027,-4.19000005722046
"1531",2005,1,"Sheep",6.42000007629395,-4.84999990463257
"1532",2005,2,"Sheep",1.71000003814697,-3.01500010490417
"1533",2005,3,"Sheep",11.1199998855591,0.214999914169312
"1534",2005,4,"Sheep",34.6599998474121,3.41999983787537
"1535",2005,5,"Sheep",57.8699989318848,7.82999992370605
"1536",2005,6,"Sheep",63.8699989318848,10.4850006103516
"1537",2005,7,"Sheep",7.80000019073486,17.3299999237061
"1538",2005,8,"Sheep",19.1000003814697,15.7550001144409
"1539",2005,9,"Sheep",21.7700004577637,10.4449996948242
"1540",2005,10,"Sheep",27.0499992370605,6.75499963760376
"1541",2005,11,"Sheep",27.75,-1.08999991416931
"1542",2005,12,"Sheep",12.5500001907349,-7.48000001907349
"1543",2006,1,"Sheep",16.3400001525879,-3.26999998092651
"1544",2006,2,"Sheep",3.27999997138977,-6.24000024795532
"1545",2006,3,"Sheep",13.8400001525879,-1.83499979972839
"1546",2006,4,"Sheep",41.7999992370605,4.56500005722046
"1547",2006,5,"Sheep",23.0499992370605,9.13500022888184
"1548",2006,6,"Sheep",47.9099998474121,13.914999961853
"1549",2006,7,"Sheep",13.6300001144409,19.5
"1550",2006,8,"Sheep",11.039999961853,15.5750007629395
"1551",2006,9,"Sheep",17.6900005340576,10.2300004959106
"1552",2006,10,"Sheep",50.310001373291,4.28499984741211
"1553",2006,11,"Sheep",10.9099998474121,-0.879999876022339
"1554",2006,12,"Sheep",8.61999988555908,-5.43000030517578
"1555",2007,1,"Sheep",7.36999988555908,-8.11999988555908
"1556",2007,2,"Sheep",17.9899997711182,-3.18499970436096
"1557",2007,3,"Sheep",13,1.82500004768372
"1558",2007,4,"Sheep",23.4599990844727,4.1850004196167
"1559",2007,5,"Sheep",43.560001373291,8.77999973297119
"1560",2007,6,"Sheep",40.0400009155273,13.4850006103516
"1561",2007,7,"Sheep",17.6200008392334,20.4300003051758
"1562",2007,8,"Sheep",6.80000019073486,16.2350006103516
"1563",2007,9,"Sheep",26.1200008392334,10.4350004196167
"1564",2007,10,"Sheep",30.7900009155273,4.01000022888184
"1565",2007,11,"Sheep",14.6000003814697,-0.710000038146973
"1566",2007,12,"Sheep",20.0699996948242,-9.02999973297119
"1567",2008,1,"Sheep",8.71000003814697,-10.5599994659424
"1568",2008,2,"Sheep",9.48999977111816,-5.42000007629395
"1569",2008,3,"Sheep",12.8699998855591,-3.4850001335144
"1570",2008,4,"Sheep",11.960000038147,0.0399999618530273
"1571",2008,5,"Sheep",53.8499984741211,6.75500011444092
"1572",2008,6,"Sheep",15.8000001907349,11.0799999237061
"1573",2008,7,"Sheep",16.4400005340576,17.1650009155273
"1574",2008,8,"Sheep",7.80999994277954,15.8149995803833
"1575",2008,9,"Sheep",21.9300003051758,9.70499992370605
"1576",2008,10,"Sheep",18.3999996185303,4.40499973297119
"1577",2008,11,"Sheep",15.0500001907349,0.625
"1578",2008,12,"Sheep",19.8299999237061,-9.18499946594238
"1579",2009,1,"Sheep",9.78999996185303,-6.04999971389771
"1580",2009,2,"Sheep",2.98000001907349,-4.91499996185303
"1581",2009,3,"Sheep",40.7900009155273,-3.79500007629395
"1582",2009,4,"Sheep",37,1.94000005722046
"1583",2009,5,"Sheep",22.2399997711182,7.79499959945679
"1584",2009,6,"Sheep",70,11.0300006866455
"1585",2009,7,"Sheep",22.3899993896484,15.9499998092651
"1586",2009,8,"Sheep",36.4900016784668,15.2199993133545
"1587",2009,9,"Sheep",20,13.5200004577637
"1588",2009,10,"Sheep",37.1599998474121,0.900000095367432
"1589",2009,11,"Sheep",9.4399995803833,-2.51999998092651
"1590",2009,12,"Sheep",3.55999994277954,-10.9849996566772
"1591",2010,1,"Sheep",9.94999980926514,-6.19500017166138
"1592",2010,2,"Sheep",5.73999977111816,-6.22000026702881
"1593",2010,3,"Sheep",9.68000030517578,-0.299999952316284
"1594",2010,4,"Sheep",20.5400009155273,2.50500011444092
"1595",2010,5,"Sheep",61.9799995422363,4.14499998092651
"1596",2010,6,"Sheep",64.9199981689453,11.0050001144409
"1597",2010,7,"Sheep",13.6499996185303,15.210000038147
"1598",2010,8,"Sheep",27.8899993896484,14.6599998474121
"1599",2010,9,"Sheep",14.5100002288818,10.9950008392334
"1600",2010,10,"Sheep",21.4099998474121,7.02500009536743
"1601",2010,11,"Sheep",23.0200004577637,-3.23499989509583
"1602",2010,12,"Sheep",21.6800003051758,-8.28999996185303
"1603",2011,1,"Sheep",8.27000045776367,-6.90500020980835
"1604",2011,2,"Sheep",3.76999998092651,-8.36999988555908
"1605",2011,3,"Sheep",17.1499996185303,-2.25499987602234
"1606",2011,4,"Sheep",25.2000007629395,0.650000095367432
"1607",2011,5,"Sheep",69.9800033569336,5.76500034332275
"1608",2011,6,"Sheep",46.8600006103516,10.3450002670288
"1609",2011,7,"Sheep",26.6299991607666,16.5100002288818
"1610",2011,8,"Sheep",11.6300001144409,16.6749992370605
"1611",2011,9,"Sheep",0.639999985694885,12.6450004577637
"1612",2011,10,"Sheep",27.8199996948242,5.81999969482422
"1613",2011,11,"Sheep",7.71000003814697,-4.09999990463257
"1614",2011,12,"Sheep",10.3000001907349,-6.375
"1615",2012,1,"Sheep",3.55999994277954,-4.86999988555908
"1616",2012,2,"Sheep",8.07999992370605,-5.25999975204468
"1617",2012,3,"Sheep",30.8700008392334,1.04500007629395
"1618",2012,4,"Sheep",14.0699996948242,4.76500034332275
"1619",2012,5,"Sheep",27.1800003051758,7.02500009536743
"1620",2012,6,"Sheep",9.43000030517578,12.6650009155273
"1621",2012,7,"Sheep",26.0599994659424,18.5900001525879
"1622",2012,8,"Sheep",5.67999982833862,17.1549987792969
"1623",2012,9,"Sheep",6.82000017166138,12.6849994659424
"1624",2012,10,"Sheep",16.2199993133545,3.76500010490417
"1625",2012,11,"Sheep",17.1200008392334,-0.445000171661377
"1626",2012,12,"Sheep",11.0200004577637,-6.51999998092651
"1627",2013,1,"Sheep",10.4099998474121,-6.52999973297119
"1628",2013,2,"Sheep",3.08999991416931,-5.46000003814697
"1629",2013,3,"Sheep",5.38000011444092,-1.38499999046326
"1630",2013,4,"Sheep",3.15000009536743,2.09000015258789
"1631",2013,5,"Sheep",52.6699981689453,8.38500022888184
"1632",2013,6,"Sheep",23.7700004577637,12.8800001144409
"1633",2013,7,"Sheep",14.5699996948242,18.7099990844727
"1634",2013,8,"Sheep",20.0300006866455,17.3699989318848
"1635",2013,9,"Sheep",30.0400009155273,12.1400003433228
"1636",2013,10,"Sheep",19.1599998474121,3.19500017166138
"1637",2013,11,"Sheep",2.4300000667572,-1.09499979019165
"1638",2013,12,"Sheep",8.21000003814697,-7.60000038146973
"1639",2014,1,"Sheep",5.63000011444092,-3.1399998664856
"1640",2014,2,"Sheep",23.3500003814697,-9.11999988555908
"1641",2014,3,"Sheep",16.3799991607666,-1.2649998664856
"1642",2014,4,"Sheep",17.9200000762939,3.15000009536743
"1643",2014,5,"Sheep",24.8400001525879,8.28499984741211
"1644",2014,6,"Sheep",44.3499984741211,11.3299999237061
"1645",2014,7,"Sheep",7.3899998664856,18.2950000762939
"1646",2014,8,"Sheep",60.689998626709,15.3549995422363
"1647",2014,9,"Sheep",27.0100002288818,11.4799995422363
"1648",2014,10,"Sheep",16.7700004577637,7.26000022888184
"1649",2014,11,"Sheep",12.6700000762939,-2.81500005722046
"1650",2014,12,"Sheep",18.3799991607666,-5.00500011444092
"1651",2015,1,"Sheep",3.94000005722046,-2.96500015258789
"1652",2015,2,"Sheep",9.57999992370605,-0.785000085830688
"1653",2015,3,"Sheep",6.17999982833862,2.28000020980835
"1654",2015,4,"Sheep",32.7799987792969,3.43499994277954
"1655",2015,5,"Sheep",78.870002746582,8.39400005340576
"1656",2015,6,"Sheep",25.5599994659424,15.5390005111694
